zipcode,city,county,mean,std,min,max,rank
92364,Nipton,San Bernardino,1510.121212121212,939.6166690988857,40,4193,1
92332,Essex,San Bernardino,1389.2727272727273,807.8823503737748,60,3996,2
93634,Big Creek CDP,Fresno County,1213.2727272727273,600.2821353709058,144,2748,3
92277,Twentynine Palms city,San Bernardino County,1178.3235294117646,864.3492111545711,1,4025,4
93514,"Mesa CDP, Round Valley CDP, Bishop city, Swall Meadows CDP, Benton CDP, Chalfant CDP, Big Pine CDP, Paradise CDP, Wilkerson CDP, West Bishop CDP, Dixon Lane-Meadow Creek CDP","Inyo County, Mono County",782.8181818181819,389.698477555521,149,1742,5
93517,Bridgeport CDP,Mono County,714.1212121212121,346.80071344863876,116,1400,6
92257,"Niland CDP, Bombay Beach CDP",Imperial County,593.1818181818181,461.00443697332344,64,1781,7
92283,Winterhaven CDP,Imperial County,592.5,462.51671550465306,1,2150,8
92225,"Blythe city, Ripley CDP, Mesa Verde CDP",Riverside County,508.3939393939394,332.51521951953,18,1243,9
92356,Lucerne Valley CDP,San Bernardino County,501.57575757575756,458.63609146461573,24,2456,10
93513,Big Pine CDP,Inyo County,486.2121212121212,264.8931102321932,94,1367,11
92363,Needles city,San Bernardino County,401.0,301.4165514698886,36,1270,12
93527,"Pearsonville CDP, China Lake Acres CDP, Inyokern CDP, Kennedy Meadows CDP","Inyo County, Kern County, Tulare County",399.1515151515151,256.8019812535674,54,988,13
92328,Furnace Creek CDP,Inyo County,386.030303030303,333.3742721072373,3,1726,14
96101,"Daphnedale Park CDP, Alturas city, California Pines CDP",Modoc County,385.72727272727275,264.9687803222383,49,955,15
92266,Palo Verde CDP,Imperial County,381.5151515151515,293.9252797493907,22,1368,16
92338,Ludlow,San Bernardino,371.0882352941176,345.66373286914825,1,1724,17
92004,Borrego Springs CDP,San Diego County,368.8181818181818,391.6724121113088,29,1472,18
95364,Pinecrest,Tuolumne,345.5151515151515,254.55391388811444,54,1265,19
96058,"Macdoel CDP, Dorris city, Mount Hebron CDP, Tennant CDP",Siskiyou County,342.030303030303,202.5108769993116,8,672,20
96130,"Johnstonville CDP, Susanville city, Spaulding CDP",Lassen County,335.3333333333333,218.9225985746256,31,798,21
96132,Termo,Lassen,292.6363636363636,199.0626186313333,24,752,22
96032,"Greenview CDP, Fort Jones city",Siskiyou County,279.24242424242425,171.6287836988289,30,690,23
92227,Brawley city,Imperial County,271.09090909090907,266.49089614332553,15,1170,24
96064,"Grenada CDP, Montague city, Yreka city",Siskiyou County,269.969696969697,163.3811656924699,14,668,25
93541,"Mono City CDP, Lee Vining CDP",Mono County,268.54545454545456,163.54339846602852,53,668,26
96120,"Alpine Village CDP, Mesa Vista CDP, Kirkwood CDP, Markleeville CDP","Alpine County, Alpine County, Amador County",260.969696969697,187.3318387328494,27,849,27
92561,"Anza CDP, Idyllwild-Pine Cove CDP, Mountain Center CDP",Riverside County,252.87878787878788,195.76017814786758,25,658,28
96118,"Sierraville CDP, Loyalton city, Sierra Brooks CDP",Sierra County,249.8181818181818,182.72271590880786,28,943,29
96116,Likely CDP,Modoc County,238.4848484848485,150.22402462907712,17,633,30
93252,"Taft city, Maricopa city",Kern County,236.9090909090909,304.40180720106235,6,1455,31
93549,"Olancha CDP, Cartago CDP",Inyo County,227.1818181818182,195.23982920779997,45,754,32
96091,"Coffee Creek CDP, Trinity Center CDP",Trinity County,215.66666666666666,174.46107493268138,17,962,33
92250,Holtville city,Imperial County,209.57575757575756,228.93203553443408,15,1071,34
95223,"Bear Valley CDP, Arnold CDP, Dorrington CDP","Alpine County, Calaveras County",207.63636363636363,137.88306145558138,43,528,35
92086,Warner springs,San Diego,206.6969696969697,193.04168669753767,4,973,36
92280,Vidal,San Bernardino,205.36363636363637,170.92904561941378,8,695,37
96050,Klamath river,Siskiyou,205.24242424242425,155.0693454359674,19,613,38
96117,"Susanville city, Litchfield CDP",Lassen County,194.12121212121212,144.80671548130925,14,532,39
92365,Newberry springs,San Bernardino,186.72727272727272,135.95111086509937,12,636,40
92285,Homestead Valley CDP,San Bernardino County,182.06060606060606,168.54560573364472,7,846,41
92389,"Shoshone CDP, Tecopa CDP",Inyo County,174.57575757575756,157.54662609506872,2,587,42
96109,"Doyle CDP, Patton Village CDP",Lassen County,173.57575757575756,124.64776128731471,11,479,43
92239,Desert Center CDP,Riverside County,172.875,171.2643212754352,8,578,44
96039,Happy Camp CDP,Siskiyou County,172.66666666666666,134.88992425925173,6,444,45
96097,Yreka city,Siskiyou County,172.4848484848485,111.09543229025024,15,457,46
96027,Etna city,Siskiyou County,172.15151515151516,117.256428718248,10,471,47
92311,"Barstow city, Lenwood CDP",San Bernardino County,167.34375,166.23430983442927,11,830,48
96105,Chilcoot-Vinton CDP,Plumas County,165.93939393939394,131.97488856642846,6,638,49
96023,Dorris city,Siskiyou County,165.3030303030303,109.86226742166893,3,427,50
96119,Madeline,Lassen,163.8181818181818,106.4881021949913,5,478,51
96056,McArthur CDP,Shasta County,153.54545454545453,88.91783106789202,26,370,52
96123,Ravendale,Lassen,153.33333333333334,109.50275871715134,10,425,53
93546,"McGee Creek CDP, Crowley Lake CDP, Aspen Springs CDP, Sunny Slopes CDP, Mammoth Lakes town",Mono County,150.33333333333334,90.52992138882406,15,402,54
93271,"Three Rivers CDP, Silver City CDP",Tulare County,150.27272727272728,140.9521799953961,26,710,55
96094,"Weed city, Carrick CDP, Edgewood CDP",Siskiyou County,145.0,95.60825016702272,15,369,56
95552,"Ruth CDP, Mad River CDP",Trinity County,144.1818181818182,123.65613979536523,8,528,57
92309,Baker CDP,San Bernardino County,144.12121212121212,126.82634721730673,4,626,58
92307,"Apple Valley town, Victorville city, Lucerne Valley CDP",San Bernardino County,142.125,140.55506325441146,10,563,59
96057,McCloud CDP,Siskiyou County,139.0,152.21428152443514,10,846,60
92259,Ocotillo CDP,Imperial County,137.375,114.15658459524624,25,427,61
96134,"Newell CDP, Tulelake city","Modoc County, Siskiyou County",136.46875,89.46543191682761,16,374,62
96086,Seiad valley,Siskiyou,136.12121212121212,130.2580989746313,2,583,63
96104,Cedarville CDP,Modoc County,135.54545454545453,117.34646642237755,10,601,64
96009,Bieber CDP,Lassen County,133.0909090909091,88.19628805835724,11,329,65
96161,"Kingvale CDP, Truckee town","Nevada County, Placer County, Nevada County",131.63636363636363,103.01693373598165,9,488,66
96110,Eagleville CDP,Modoc County,129.96969696969697,94.29358569399248,14,473,67
92305,Angelus oaks,San Bernardino,127.33333333333333,106.27754544901131,10,464,68
96150,South Lake Tahoe city,El Dorado County,126.9090909090909,96.46870076492547,7,466,69
93535,"Lake Los Angeles CDP, Palmdale city, Lancaster city",Los Angeles County,126.84848484848484,123.53595661084903,5,392,70
96031,Forks of salmon,Siskiyou,124.66666666666667,88.90081083244777,8,372,71
93544,Crystalaire,Los Angeles,123.87878787878788,135.27258535447916,4,509,72
95338,"Mariposa CDP, Hornitos CDP, Bear Valley CDP, Midpines CDP, Bootjack CDP",Mariposa County,123.39393939393939,102.67361497542204,9,469,73
93265,"Pierpoint CDP, Cedar Slope CDP, Ponderosa CDP, Camp Nelson CDP, Springville CDP, Sequoia Crest CDP",Tulare County,121.70588235294117,130.18297831566636,2,607,74
93283,"Onyx CDP, Weldon CDP",Kern County,120.03030303030303,151.41756933404494,5,621,75
96044,Hornbrook CDP,Siskiyou County,118.87878787878788,93.43438793337732,5,348,76
96080,"Proberta CDP, Red Bluff city, Bend CDP, Paynes Creek CDP",Tehama County,117.02941176470588,104.4336777487432,6,495,77
93550,"Acton CDP, Palmdale city",Los Angeles County,116.54545454545455,113.70193789825301,5,436,78
93501,"California City city, Mojave CDP, Rosamond CDP",Kern County,115.72727272727273,165.89384269904218,1,760,79
96003,"Bella Vista CDP, Mountain Gate CDP, Palo Cedro CDP, Shasta Lake city, Redding city",Shasta County,115.67647058823529,76.51489084158133,6,276,80
91906,Campo CDP,San Diego County,115.57575757575758,95.87558027954456,3,335,81
96011,Big Bend CDP,Shasta County,115.08823529411765,105.96693813925937,5,543,82
96051,Lakehead CDP,Shasta County,114.41176470588235,80.32438689541786,1,390,83
96015,Canby CDP,Modoc County,114.24242424242425,89.72807193927324,9,433,84
92536,"Aguanga CDP, Lake Riverside CDP",Riverside County,112.39393939393939,90.79266882365124,2,317,85
96034,Gazelle CDP,Siskiyou County,107.87878787878788,73.04697015266854,5,290,86
96010,Big bar,Trinity,106.72727272727273,86.24104037785341,7,328,87
92274,"Mecca CDP, Thermal CDP, Desert Shores CDP, Salton City CDP, Coachella city, La Quinta city, Salton Sea Beach CDP, Vista Santa Rosa CDP, Oasis CDP","Riverside County, Imperial County",105.78787878787878,144.95575997001586,2,575,88
93257,"East Porterville CDP, Poplar-Cotton Center CDP, Porterville city, Woodville CDP",Tulare County,104.05882352941177,131.1027681968501,6,624,89
96006,Adin CDP,Modoc County,102.9090909090909,65.40707322050673,11,263,90
95973,"Cohasset CDP, Nord CDP, Chico city",Butte County,100.36363636363636,67.38222047664826,14,252,91
92342,Silver Lakes CDP,San Bernardino County,99.0,102.76642204533542,1,416,92
93536,"Quartz Hill CDP, Lake Hughes CDP, Lancaster city",Los Angeles County,96.45161290322581,138.79693529509873,1,702,93
96108,Davis creek,Modoc,96.39393939393939,64.83726715494116,13,263,94
93561,"Tehachapi city, Bear Valley Springs CDP, Stallion Springs CDP, Golden Hills CDP, Keene CDP",Kern County,95.72727272727273,134.38221439407278,1,652,95
93512,Benton CDP,Mono County,95.63636363636364,56.45065222265936,9,244,96
93255,Onyx CDP,Kern County,95.06060606060606,112.4471929935168,2,469,97
96107,"Coleville CDP, Topaz CDP, Walker CDP",Mono County,93.57575757575758,62.51801255589779,6,292,98
92284,"Homestead Valley CDP, Yucca Valley town, Joshua Tree CDP",San Bernardino County,92.84848484848484,95.99417990564623,3,483,99
93518,Keene CDP,Kern County,91.12121212121212,119.02776923258223,1,463,100
96136,Wendel,Lassen,89.33333333333333,62.81503933507218,9,279,101
93592,"Valley Wells CDP, Trona CDP, Homewood Canyon CDP",Inyo County,88.0909090909091,86.03646161525198,2,361,102
96112,Fort Bidwell CDP,Modoc County,87.87878787878788,59.697025457595856,7,216,103
96013,Burney CDP,Shasta County,87.82352941176471,69.80990230542547,7,293,104
92036,Julian CDP,San Diego County,87.0909090909091,68.9811403738205,3,296,105
96022,"Anderson city, Cottonwood CDP, Lake California CDP","Shasta County, Tehama County",86.91176470588235,58.49649958295035,3,260,106
95043,Paicines,San Benito,85.40625,157.75089782986666,1,849,107
92308,"Apple Valley town, Hesperia city, Lucerne Valley CDP",San Bernardino County,84.48484848484848,76.61311947543695,7,341,108
93453,Santa Margarita CDP,San Luis Obispo County,81.45454545454545,88.96034612015728,1,325,109
95939,Elk Creek CDP,Glenn County,81.27272727272727,83.09981675945228,3,292,110
93591,"Lake Los Angeles CDP, Palmdale city, Sun Village CDP",Los Angeles County,81.0909090909091,80.89436152954498,5,257,111
92384,Shoshone CDP,Inyo County,80.93939393939394,83.5770375888091,2,341,112
93664,Shaver Lake CDP,Fresno County,80.60606060606061,62.69815557192422,8,315,113
96103,"C-Road CDP, Graeagle CDP, Johnsville CDP, Plumas Eureka CDP, Blairsden CDP, Mabie CDP, Mohawk Vista CDP, Cromberg CDP",Plumas County,80.0909090909091,50.96099221240425,10,219,114
92275,Salton City CDP,Imperial County,79.80645161290323,141.15344354161508,2,737,115
92256,Morongo Valley CDP,San Bernardino County,79.39393939393939,71.33632463283493,4,351,116
93526,Independence CDP,Inyo County,78.24242424242425,50.81524765205218,9,235,117
95983,"Taylorsville CDP, Crescent Mills CDP",Plumas County,77.63636363636364,56.496027615785835,12,234,118
96041,Hayfork CDP,Trinity County,76.96969696969697,76.75752603510813,1,262,119
96054,Lookout CDP,Modoc County,76.63636363636364,60.01865240376225,2,239,120
92252,"Yucca Valley town, Joshua Tree CDP",San Bernardino County,74.6969696969697,69.19288477170396,3,295,121
92347,Barstow city,San Bernardino County,74.15625,83.28153161454536,9,320,122
92539,Anza CDP,Riverside County,74.0,63.07485632167543,3,280,123
93210,Coalinga city,Fresno County,73.12121212121212,105.12039454113958,1,423,124
96145,"Sunnyside-Tahoe City CDP, Dollar Point CDP",Placer County,72.0909090909091,49.43200104459385,6,229,125
95720,Kyburz,El Dorado,71.9090909090909,49.04867712051699,15,197,126
93543,"Littlerock CDP, Palmdale city, Sun Village CDP",Los Angeles County,71.9090909090909,90.16767839571298,3,422,126
96028,"Fall River Mills CDP, McArthur CDP",Shasta County,71.66666666666667,46.20042387972936,11,154,128
92233,Calipatria city,Imperial County,71.51515151515152,81.34114933880376,3,351,129
96014,Callahan,Siskiyou,71.40625,56.860814430870896,10,299,130
93225,"Pine Mountain Club CDP, Frazier Park CDP, Lake of the Woods CDP, Lebec CDP",Kern County,71.34375,92.32921788798197,1,462,131
92251,"El Centro city, Imperial city",Imperial County,70.79411764705883,91.19568683705776,1,414,132
92220,Banning city,Riverside County,70.36363636363636,55.34032107210471,4,206,133
92301,"Victorville city, Adelanto city",San Bernardino County,69.75757575757575,78.06929225975725,1,374,134
92372,Piñon Hills CDP,San Bernardino County,69.63636363636364,75.0003409083161,2,296,135
96084,"Round Mountain CDP, Montgomery Creek CDP",Shasta County,68.26470588235294,59.61101628081914,3,275,136
96025,Dunsmuir city,Siskiyou County,66.21212121212122,57.14168660868218,2,223,137
91962,Pine Valley CDP,San Diego County,65.96969696969697,69.58829142197919,4,286,138
93243,Lebec CDP,Kern County,65.73333333333333,118.69169954225899,1,548,139
92314,Big Bear City CDP,San Bernardino County,65.24242424242425,61.73230024824438,5,316,140
93560,Rosamond CDP,Kern County,64.27586206896552,89.84705120835874,1,342,141
95965,"Durham CDP, Palermo CDP, Thermalito CDP, Butte Valley CDP, Paradise town, Richvale CDP, Cherokee CDP, Oroville city, Oroville East CDP, Concow CDP, Yankee Hill CDP",Butte County,64.23529411764706,56.19989152557708,1,244,142
95947,Greenville CDP,Plumas County,61.96969696969697,52.11974484809287,3,227,143
95389,"Wawona CDP, El Portal CDP, Yosemite Valley CDP",Mariposa County,60.72727272727273,33.99197766318614,13,148,144
92231,Calexico city,Imperial County,59.65625,83.96297547133499,4,290,145
95959,"Graniteville CDP, Nevada City city, Rough and Ready CDP, Washington CDP",Nevada County,59.42424242424242,53.03891867241822,2,223,146
92070,Santa ysabel,San Diego,58.8125,47.56892283155925,2,165,147
93308,"Oildale CDP, Bakersfield city, Shafter city",Kern County,58.24242424242424,76.45547327653786,2,319,148
92241,"Palm Springs city, Desert Edge CDP, Indio city, Sky Valley CDP, Desert Hot Springs city, Indio Hills CDP, Desert Palms CDP, Garnet CDP, Thousand Palms CDP, Cathedral City city",Riverside County,57.09090909090909,69.70848389739034,2,322,149
91901,"Descanso CDP, Alpine CDP, Harbison Canyon CDP",San Diego County,56.75,43.18527228043704,2,168,150
92267,Parker dam,San Bernardino,56.40625,47.00299192604658,4,217,151
95311,"Greeley Hill CDP, Coultervillle CDP",Mariposa County,55.515151515151516,47.7278228684022,3,180,152
93553,Juniper hills,Los Angeles,55.484848484848484,57.28062565787472,3,236,153
93523,"North Edwards CDP, Edwards AFB CDP",Kern County,54.903225806451616,62.62073929016896,1,246,154
96047,Igo,Shasta,54.24242424242424,40.70552043567793,6,155,155
93604,Bass Lake CDP,Madera County,54.09090909090909,31.82605422091666,7,137,156
93454,"Garey CDP, Sisquoc CDP, Santa Maria city",Santa Barbara County,54.0625,62.586681825572796,2,280,157
92060,Palomar mountain,San Diego,53.333333333333336,44.960167556034165,3,175,158
91390,"Agua Dulce CDP, Leona Valley CDP, Acton CDP, Palmdale city, Santa Clarita city, Green Valley CDP",Los Angeles County,53.3,79.53752096576376,1,377,159
96115,Lake City CDP,Modoc County,52.75757575757576,43.262303382267966,1,153,160
93262,Giant forest,Tulare,52.60606060606061,33.71659401720779,10,158,161
96048,Junction City CDP,Trinity County,52.18181818181818,43.414754509163224,1,175,162
96067,"Dunsmuir city, Mount Shasta city",Siskiyou County,51.93939393939394,53.84580960595923,1,235,163
96085,Scott bar,Siskiyou,51.65625,35.944948386611,2,152,164
96114,Janesville CDP,Lassen County,51.484848484848484,42.706206525019,1,156,165
92264,"Palm Springs city, Cathedral City city",Riverside County,51.40625,51.06407068101924,4,229,166
96076,Wildwood,Shasta,51.27272727272727,70.83355169306806,4,411,167
93203,"Edmundson Acres CDP, Bakersfield city, Arvin city",Kern County,50.78787878787879,73.71726289333353,1,345,168
93545,"Keeler CDP, Lone Pine CDP",Inyo County,50.121212121212125,40.82796037625255,5,150,169
91702,"Glendora city, Azusa city, Citrus CDP, Vincent CDP, Irwindale city",Los Angeles County,49.8125,52.53228653915855,2,187,170
96088,Shingletown CDP,Shasta County,49.64705882352941,32.90563399576282,1,148,171
93554,"Randsburg CDP, Johannesburg CDP",Kern County,49.354838709677416,67.54235628457981,1,246,172
95666,"Pioneer CDP, Kirkwood CDP, Red Corral CDP, Buckhorn CDP","Amador County, Alpine County, Amador County",48.588235294117645,31.54325327379017,3,128,173
92282,"Palm Springs city, Desert Hot Springs city, Whitewater CDP",Riverside County,48.06060606060606,47.984332986102984,2,199,174
96021,"Corning city, Rancho Tehama Reserve CDP, Richfield CDP, Flournoy CDP",Tehama County,48.0,43.246387132337425,2,158,175
95901,"Marysville city, Olivehurst CDP, Loma Rica CDP, Linda CDP, Bangor CDP","Yuba County, Butte County",47.60606060606061,37.91185450648929,6,161,176
93516,Boron CDP,Kern County,47.29032258064516,41.25303507895882,1,140,177
96046,Hyampom CDP,Trinity County,47.15625,48.36561653595688,1,235,178
95966,"Palermo CDP, Honcut CDP, South Oroville CDP, Robinson Mill CDP, Berry Creek CDP, Oroville city, Bangor CDP, Oroville East CDP, Challenge-Brownsville CDP, Rackerby CDP, Kelly Ridge CDP","Butte County, Yuba County",46.63636363636363,33.47930161104972,6,145,179
93446,"El Paso de Robles (Paso Robles) city, Lake Nacimiento CDP, Templeton CDP, Whitley Gardens CDP",San Luis Obispo County,46.592592592592595,109.42445910632709,1,546,180
91759,Mt baldy,Los Angeles,46.45454545454545,46.77077807582617,1,173,181
95988,"Willows city, Artois CDP",Glenn County,46.121212121212125,51.715421766479366,2,212,182
93451,San Miguel CDP,San Luis Obispo County,44.65625,71.37163499779211,1,306,183
93461,Shandon CDP,San Luis Obispo County,43.935483870967744,58.43682371237675,1,212,184
95963,"Orland city, Artois CDP",Glenn County,43.484848484848484,49.154807249724584,1,191,185
96125,Sierra City CDP,Sierra County,43.36363636363637,38.20570816466613,5,183,186
95979,"Stonyford CDP, Lodoga CDP",Colusa County,43.03225806451613,44.032172988219834,2,152,187
95428,Covelo CDP,Mendocino County,41.96875,48.48044792125132,1,163,188
93653,Raymond,Madera,41.78787878787879,29.822136886629174,4,131,189
95631,Foresthill CDP,Placer County,41.5,30.791822999562132,4,111,190
95726,Pollock Pines CDP,El Dorado County,40.88235294117647,36.46232152874522,2,172,191
96007,"Anderson city, Redding city",Shasta County,40.44117647058823,34.1619948112382,1,153,192
93657,"Minkler CDP, Sanger city, Centerville CDP",Fresno County,40.35294117647059,40.427175343311575,4,159,193
95667,"Cold Springs CDP, Camino CDP, Placerville city, Coloma CDP, Diamond Springs CDP",El Dorado County,40.294117647058826,33.69158640747578,7,161,194
93643,North fork,Madera,39.75757575757576,35.186139230375844,2,137,195
96017,Castella,Shasta,39.65625,37.56595007235555,3,162,196
96137,"East Shore CDP, Westwood CDP, Canyondam CDP, Hamilton Branch CDP, Lake Almanor Country Club CDP, Clear Creek CDP, Lake Almanor Peninsula CDP","Plumas County, Lassen County",39.63636363636363,43.57882096114621,1,239,197
96096,Whitmore,Shasta,39.21212121212121,25.193944678927288,3,125,198
96087,Shasta CDP,Shasta County,38.96969696969697,32.072656625703814,3,112,199
96133,"Coleville CDP, Topaz CDP",Mono County,38.878787878787875,27.965109484585405,4,131,200
92371,"Wrightwood CDP, Piñon Hills CDP, Oak Hills CDP, Phelan CDP, Adelanto city",San Bernardino County,38.09090909090909,45.33166914280487,3,168,201
96024,"Douglas City CDP, Lewiston CDP",Trinity County,38.0625,37.44409811800743,1,199,202
92544,"Valle Vista CDP, San Jacinto city, Hemet city, East Hemet CDP",Riverside County,38.03030303030303,42.989449903788056,1,199,203
95684,Somerset,El Dorado,38.029411764705884,39.87441291986754,3,165,204
93563,Valyermo,Los Angeles,37.54545454545455,45.70564168478747,1,225,205
92368,"Victorville city, Adelanto city",San Bernardino County,37.32258064516129,34.95843922600492,4,132,206
93205,"Bodfish CDP, Lake Isabella CDP",Kern County,36.483870967741936,50.062541530730634,3,204,207
92320,"Beaumont city, Calimesa city",Riverside County,36.375,70.71968745369557,2,387,208
92061,Pauma valley,San Diego,35.45161290322581,43.50313299804005,1,202,209
95469,Potter Valley CDP,Mendocino County,35.3,28.64665834757623,1,109,210
93238,Kernville CDP,Kern County,35.25806451612903,35.953643989574026,2,154,211
92243,"El Centro city, Imperial city, Seeley CDP",Imperial County,35.21875,49.45166057748686,2,192,212
96071,Old Station CDP,Shasta County,35.09090909090909,22.401679117260993,8,97,213
92327,Barstow city,San Bernardino County,34.774193548387096,35.63398160690566,1,135,214
93619,"Fresno city, Earlimart CDP, Clovis city","Fresno County, Tulare County",34.27272727272727,42.310808848975526,1,209,215
92398,Yermo,San Bernardino,34.25806451612903,27.42136362028152,1,97,216
92407,"Muscoy CDP, San Bernardino city",San Bernardino County,34.125,36.65422565086482,2,163,217
95327,"Jamestown CDP, Chinese Camp CDP, Sonora city",Tuolumne County,33.696969696969695,35.58922313046891,1,144,218
95361,"East Oakdale CDP, Valley Home CDP, Oakdale city, Riverbank city",Stanislaus County,33.484848484848484,33.1003410217716,1,126,219
93555,"China Lake Acres CDP, Ridgecrest city",Kern County,33.45161290322581,30.023145193530745,2,119,220
93551,"Leona Valley CDP, Elizabeth Lake CDP, Acton CDP, Palmdale city, Lancaster city, Desert View Highlands CDP",Los Angeles County,33.13793103448276,66.41521132667201,1,355,221
95987,Williams city,Colusa County,33.121212121212125,45.35812880272784,1,210,222
95640,"Buena Vista CDP, Camanche Village CDP, Ione city, Camanche North Shore CDP",Amador County,33.06060606060606,33.25464196350958,2,152,223
95936,"Downieville CDP, Goodyears Bar CDP",Sierra County,32.666666666666664,21.333170572295778,4,95,224
92066,Ranchita,San Diego,32.25806451612903,29.464065958310965,1,138,225
93610,"Fairmead CDP, Chowchilla city",Madera County,32.15625,31.495119309546684,2,130,226
95954,"Magalia CDP, Butte Creek Canyon CDP, Stirling City CDP, Paradise town",Butte County,32.15151515151515,24.369706107328742,2,94,227
95228,Copperopolis CDP,Calaveras County,31.727272727272727,33.34785668456889,2,148,228
91916,Descanso CDP,San Diego County,30.96969696969697,30.50254584506518,3,124,229
91905,Boulevard CDP,San Diego County,30.875,26.06165147145044,4,98,230
94558,"Rutherford CDP, Napa city, Oakville CDP, Silverado Resort CDP, Moskowite Corner CDP, American Canyon city",Napa County,30.84375,37.964422543116044,2,178,231
92082,"Escondido city, Valley Center CDP",San Diego County,30.806451612903224,35.455530226692616,1,138,232
95222,"Angels city, Vallecito CDP",Calaveras County,30.78787878787879,28.490960820668167,3,117,233
92065,"San Diego Country Estates CDP, Poway city, Ramona CDP, San Diego city",San Diego County,30.733333333333334,25.055708047212043,1,119,234
95527,"Burnt Ranch CDP, Trinity Village CDP",Trinity County,30.677419354838708,30.595628333444626,1,142,235
96093,"Weaverville CDP, Douglas City CDP, Junction City CDP",Trinity County,30.666666666666668,30.058969820449047,1,111,236
95971,"Spring Garden CDP, Keddie CDP, Meadow Valley CDP, Quincy CDP, Paxton CDP, East Quincy CDP, Greenhorn CDP",Plumas County,30.545454545454547,22.269781808948686,2,87,237
95321,"Greeley Hill CDP, Buck Meadows CDP, Pine Mountain Lake CDP, Groveland CDP","Mariposa County, Tuolumne County",30.424242424242426,25.42025558367567,4,109,238
93529,June Lake CDP,Mono County,30.15625,22.033858659330527,2,80,239
93230,"Armona CDP, Hardwick CDP, Grangeville CDP, Home Garden CDP, Hanford city",Kings County,30.08823529411765,37.88928660209488,1,206,240
95490,"Brooktrails CDP, Willits city",Mendocino County,29.939393939393938,31.957920960557058,5,172,241
93602,"Shaver Lake CDP, Auberry CDP",Fresno County,29.666666666666668,20.444538798091454,2,75,242
95944,Goodyears Bar CDP,Sierra County,29.393939393939394,31.362736043292077,1,165,243
96040,"Old Station CDP, Hat Creek CDP",Shasta County,29.0,23.134119823325893,5,111,244
95636,Grizzly Flats CDP,El Dorado County,28.818181818181817,24.086373929898812,2,132,245
95531,"Hiouchi CDP, Crescent City city, Bertsch-Oceanview CDP",Del Norte County,28.757575757575758,28.25888168239136,1,120,246
92592,Temecula city,Riverside County,28.483870967741936,27.78593285308465,1,79,247
95360,"Newman city, Crows Landing CDP",Stanislaus County,28.454545454545453,36.825679651816095,1,175,248
93023,"Meiners Oaks CDP, Ojai city, Oak View CDP, Mira Monte CDP",Ventura County,28.366666666666667,29.56405475122337,1,120,249
95949,"Alta Sierra CDP, Grass Valley city",Nevada County,28.272727272727273,23.179021667329824,1,125,250
96129,Beckwourth CDP,Plumas County,28.151515151515152,23.869595215620553,1,105,251
93274,"East Tulare Villa CDP, Woodville CDP, Matheny CDP, Waukena CDP, Tulare city",Tulare County,28.08823529411765,42.78371797850406,2,244,252
95333,"Planada CDP, Le Grand CDP",Merced County,27.903225806451612,30.862441941308614,1,147,253
95620,"Allendale CDP, Vacaville city, West Sacramento city, Dixon city","Solano County, Yolo County",27.580645161290324,40.44236573491416,2,168,254
93706,"Fresno city, West Park CDP, Raisin City CDP, Easton CDP",Fresno County,27.548387096774192,45.195013522642384,1,226,255
96126,Sierraville CDP,Sierra County,27.5,23.26426028163399,1,116,256
92359,"Mentone CDP, Highland city, Redlands city, Yucaipa city",San Bernardino County,27.40625,39.30678294498128,1,206,257
96069,Millville CDP,Shasta County,27.272727272727273,24.580572520886196,5,129,258
93614,"Coarsegold CDP, Yosemite Lakes CDP",Madera County,27.242424242424242,18.791670866088353,2,89,259
93552,"Palmdale city, Sun Village CDP",Los Angeles County,27.142857142857142,34.41867955987712,1,161,260
96074,Paskenta CDP,Tehama County,27.0,24.99599967994879,1,118,261
93306,Bakersfield city,Kern County,26.96969696969697,39.700822447781896,1,183,262
93208,"Pierpoint CDP, Cedar Slope CDP, Camp Nelson CDP",Tulare County,26.9,26.34564676466068,2,95,263
96135,Chilcoot-Vinton CDP,Plumas County,26.87878787878788,24.7484312328044,1,112,264
96033,French Gulch CDP,Shasta County,26.78125,19.426842711617745,4,68,265
96008,Bella Vista CDP,Shasta County,26.764705882352942,18.468743166585476,2,74,266
96055,Los Molinos CDP,Tehama County,26.757575757575758,22.21912225852754,1,76,267
92394,"Victorville city, Adelanto city",San Bernardino County,26.741935483870968,26.753152763659443,2,94,268
95943,Glenn,Glenn,26.71875,24.74154710655351,1,125,269
95370,"Mono Vista CDP, East Sonora CDP, Columbia CDP, Jamestown CDP, Sonora city, Phoenix Lake CDP, Cedar Ridge CDP, Tuttletown CDP, Soulsbyville CDP, Twain Harte CDP",Tuolumne County,26.3125,23.671730111075806,4,114,270
93522,Darwin CDP,Inyo County,26.161290322580644,25.79934982926708,1,108,271
93667,Tollhouse,Fresno,25.939393939393938,22.252723701183463,1,107,272
93644,"Ahwahnee CDP, Oakhurst CDP",Madera County,25.90909090909091,24.408456060814814,3,117,273
92562,"Temecula city, Murrieta city, Wildomar city",Riverside County,25.551724137931036,33.40935092251927,1,142,274
96122,"Portola city, Iron Horse CDP, Beckwourth CDP, Delleker CDP, Gold Mountain CDP, Mabie CDP, Lake Davis CDP",Plumas County,25.424242424242426,16.63022531234601,3,60,275
91935,Jamul CDP,San Diego County,25.387096774193548,20.81294055686644,1,93,276
92253,"La Quinta city, Indio city, Vista Santa Rosa CDP",Riverside County,25.366666666666667,49.722320897181575,1,254,277
95383,"Cedar Ridge CDP, Soulsbyville CDP, Twain Harte CDP, Mi-Wuk Village CDP",Tuolumne County,25.333333333333332,21.356595390339415,1,85,278
93920,Big sur,Monterey,25.322580645161292,26.58243417092597,1,101,279
92395,"Apple Valley town, Victorville city, Spring Valley Lake CDP",San Bernardino County,25.322580645161292,33.43888664092969,1,156,279
93636,"Rolling Hills CDP, Bonadelle Ranchos-Madera Ranchos CDP",Madera County,25.303030303030305,22.101307722175697,3,98,281
95369,"Lake Don Pedro CDP, Snelling CDP","Mariposa County, Merced County",25.272727272727273,31.68031005931832,1,147,282
93675,Squaw Valley CDP,Fresno County,25.235294117647058,24.73503076368757,2,109,283
95928,"Durham CDP, Butte Creek Canyon CDP, Chico city",Butte County,25.205882352941178,17.596107372154968,1,83,284
92530,"Lake Elsinore city, Wildomar city, Lakeland Village CDP",Riverside County,25.033333333333335,25.495751280033566,2,84,285
93426,"Bradley CDP, Oak Shores CDP, Lockwood CDP","Monterey County, San Luis Obispo County",24.92,44.922080687934894,1,171,286
93280,"Delano city, Wasco city",Kern County,24.696969696969695,27.228758749349975,1,96,287
95306,Catheys Valley CDP,Mariposa County,24.6,24.485886152836194,1,105,288
95701,Alta CDP,Placer County,24.484848484848484,20.589926560276407,1,72,289
92236,"Coachella city, Indio city, Vista Santa Rosa CDP",Riverside County,24.482758620689655,41.329357163483664,1,198,290
95938,Durham CDP,Butte County,24.272727272727273,27.45481825571871,1,157,291
93532,"Elizabeth Lake CDP, Lake Hughes CDP",Los Angeles County,24.24137931034483,48.77107981786938,1,262,292
92382,Running Springs CDP,San Bernardino County,24.125,25.07247559093566,1,97,293
95345,Midpines CDP,Mariposa County,24.060606060606062,20.947761506213787,1,69,294
93254,"New Cuyama CDP, Cuyama CDP",Santa Barbara County,24.03448275862069,26.311978204694817,1,87,295
95956,"Meadow Valley CDP, Bucks Lake CDP",Plumas County,23.696969696969695,20.207493734511047,1,108,296
95683,"Rancho Murieta CDP, Rancho Cordova city",Sacramento County,23.575757575757574,28.29535110118611,1,130,297
96142,Tahoma CDP,"El Dorado County, Placer County",23.484848484848484,21.780325428183474,2,82,298
93622,Firebaugh city,Fresno County,23.454545454545453,23.818442052707432,1,105,299
96052,Lewiston CDP,Trinity County,23.40625,31.084545869860857,1,166,300
96124,"Calpine CDP, Sattley CDP",Sierra County,23.151515151515152,16.939453230773886,2,71,301
93637,"Fairmead CDP, Madera city, Parkwood CDP, La Vina CDP",Madera County,23.133333333333333,21.761613361420473,1,98,302
91934,Jacumba CDP,San Diego County,22.96875,21.86245031717551,2,109,303
95252,"Rancho Calaveras CDP, Valley Springs CDP, Wallace CDP",Calaveras County,22.9375,23.30711853047365,1,94,304
94550,Livermore city,Alameda County,22.833333333333332,29.05889778071228,2,136,305
93060,"Santa Paula city, San Buenaventura (Ventura) city",Ventura County,22.677419354838708,29.58646886306215,1,127,306
95023,"Tres Pinos CDP, Hollister city, Ridgemark CDP",San Benito County,22.633333333333333,31.42422010480773,1,109,307
95648,"Sheridan CDP, Lincoln city",Placer County,22.545454545454547,23.057117812471315,1,95,308
96121,Milford CDP,Lassen County,22.424242424242426,20.636784971002484,1,71,309
95669,Plymouth city,Amador County,22.21212121212121,23.546174816408048,1,88,310
92268,Pioneertown,San Bernardino,22.1875,23.46918020201896,1,123,311
93635,"Los Banos city, Volta CDP",Merced County,22.17241379310345,26.95375532478497,1,104,312
95953,Live Oak city,Sutter County,21.90909090909091,17.750640193320557,1,76,313
96001,"Shasta CDP, Keswick CDP, Redding city",Shasta County,21.818181818181817,18.17700220308368,1,86,314
92392,"Hesperia city, Oak Hills CDP, Victorville city, Phelan CDP, Mountain View Acres CDP",San Bernardino County,21.70967741935484,21.608938811499737,1,78,315
93626,"Friant CDP, Clovis city",Fresno County,21.333333333333332,20.829166249916646,1,86,316
93924,Carmel Valley Village CDP,Monterey County,21.142857142857142,30.79768423919816,1,149,317
96075,Paynes Creek CDP,Tehama County,21.09090909090909,17.037392032606615,1,81,318
92596,"Menifee city, Winchester CDP, Temecula city, Green Acres CDP, French Valley CDP",Riverside County,20.966666666666665,19.757989799560587,1,63,319
93311,Bakersfield city,Kern County,20.741935483870968,38.31967966283598,1,167,320
93307,"Greenfield CDP, Fuller Acres CDP, Bakersfield city, Lamont CDP, Weedpatch CDP",Kern County,20.586206896551722,25.81322645657691,1,111,321
92260,Palm Desert city,Riverside County,20.516129032258064,20.858045558396142,2,100,322
95969,"Magalia CDP, Butte Creek Canyon CDP, Butte Valley CDP, Paradise town",Butte County,20.40625,15.896559528360525,1,63,323
95329,Lake Don Pedro CDP,Mariposa County,20.3125,19.447924675747498,1,74,324
93251,McKittrick CDP,Kern County,20.275862068965516,29.22926194235122,1,134,325
92570,"Lake Elsinore city, Menifee city, Good Hope CDP, Lake Mathews CDP, Meadowbrook CDP, Mead Valley CDP, Canyon Lake city, Warm Springs CDP, Perris city",Riverside County,20.1,21.312696555873888,1,82,326
93624,Five points,Fresno,20.033333333333335,24.29911781190382,1,99,327
96068,Nubieber CDP,Lassen County,20.0,19.216312514805402,2,80,328
92040,"Winter Gardens CDP, Lakeside CDP, Santee city, Eucalyptus Hills CDP",San Diego County,19.8,22.652395777991313,1,89,329
93249,Lost Hills CDP,Kern County,19.62962962962963,19.42074257502123,1,75,330
95454,Laytonville CDP,Mendocino County,19.4,20.630743714342838,1,99,331
92211,"Indian Wells city, Bermuda Dunes CDP, Indio city, Palm Desert city, Desert Palms CDP, Thousand Palms CDP",Riverside County,19.344827586206897,29.81403775557146,1,147,332
95558,Petrolia,Humboldt,19.303030303030305,17.511576257730283,1,80,333
92385,Lake Arrowhead CDP,San Bernardino County,19.233333333333334,20.775787189257915,1,90,334
93436,"Lompoc city, Vandenberg AFB CDP, Mission Hills CDP, Vandenberg Village CDP",Santa Barbara County,19.2,24.613424988310186,1,117,335
95916,Berry Creek CDP,Butte County,19.12121212121212,17.818104514365395,4,75,336
95945,"Rough and Ready CDP, Grass Valley city",Nevada County,18.939393939393938,20.12917564435295,3,100,337
95595,Zenia,Trinity,18.848484848484848,23.814545466113263,1,101,338
95318,El Portal CDP,Mariposa County,18.75,15.435610273524304,1,71,339
95236,"Linden CDP, Peters CDP",San Joaquin County,18.6875,17.678924029439962,1,83,340
95946,"Penn Valley CDP, Lake Wildwood CDP",Nevada County,18.303030303030305,17.43825688049992,3,81,341
92595,"Lake Elsinore city, Murrieta city, Wildomar city",Riverside County,18.272727272727273,23.35886049524599,1,95,342
93313,"Mettler CDP, Bakersfield city",Kern County,18.17241379310345,27.437030458744776,1,113,343
95548,Klamath CDP,Del Norte County,18.166666666666668,15.454233508438175,1,65,344
95642,"Pine Grove CDP, Jackson city, Martell CDP",Amador County,18.0,18.748333259252675,1,85,345
95920,Butte city,Glenn,18.0,16.775558257140347,1,75,345
93660,San Joaquin city,Fresno County,17.88888888888889,19.822934140755194,1,74,347
95230,"Peters CDP, Farmington CDP",San Joaquin County,17.866666666666667,17.62195600191231,1,63,348
93562,Searles Valley CDP,San Bernardino County,17.862068965517242,22.012535613552814,2,95,349
92583,"Beaumont city, San Jacinto city, Hemet city",Riverside County,17.84375,20.218339447145503,1,74,350
95589,Shelter Cove CDP,Humboldt County,17.78125,21.586636210934437,1,110,351
95922,Camptonville CDP,Yuba County,17.696969696969695,15.99704044597947,2,75,352
92254,"Mecca CDP, North Shore CDP",Riverside County,17.620689655172413,27.727518297459664,1,142,353
96092,Vina CDP,Tehama County,17.545454545454547,18.550759602188307,1,76,354
96065,Montgomery Creek CDP,Shasta County,17.529411764705884,19.668826734150645,1,85,355
93001,"Oxnard city, San Buenaventura (Ventura) city",Ventura County,17.516129032258064,19.39737261889169,1,69,356
95220,"Collierville CDP, Dogtown CDP, Acampo CDP",San Joaquin County,17.375,14.504170701627014,1,62,357
92028,"Fallbrook CDP, Oceanside city, Rainbow CDP",San Diego County,17.275862068965516,19.75727090705043,1,91,358
96020,"Warner Valley CDP, Lake Almanor West CDP, Chester CDP",Plumas County,17.129032258064516,15.951472106535855,1,71,359
95245,"Mokelumne Hill CDP, Mountain Ranch CDP, Rail Road Flat CDP",Calaveras County,17.12121212121212,16.704710368182038,2,67,360
93206,"Buttonwillow CDP, Shafter city",Kern County,17.06896551724138,19.36294516131771,1,66,361
92027,"Escondido city, Valley Center CDP, San Diego city",San Diego County,16.933333333333334,18.148683496156906,2,82,362
93240,"Squirrel Mountain Valley CDP, Lake Isabella CDP, Mountain Mesa CDP, Weldon CDP",Kern County,16.896551724137932,22.034623449060163,1,76,363
92555,Moreno Valley city,Riverside County,16.70967741935484,24.722720384816203,1,105,364
93221,"Lindcove CDP, Exeter city, Tooleville CDP",Tulare County,16.696969696969695,15.859706902408476,1,77,365
93654,Reedley city,Fresno County,16.65625,15.605229427466647,1,57,366
93286,"Woodlake city, Lemon Cove CDP",Tulare County,16.625,16.945358104517076,1,93,367
92273,Seeley CDP,Imperial County,16.6,16.55419521783964,1,56,368
96061,Mineral CDP,Tehama County,16.5625,14.300772593611631,2,57,369
93430,Cayucos CDP,San Luis Obispo County,16.5,24.47003491406688,1,95,370
95215,"Stockton city, Waterloo CDP, Kennedy CDP, Garden Acres CDP",San Joaquin County,16.375,16.941550372745052,1,76,371
93212,Corcoran city,Kings County,16.34375,24.80193719671263,2,133,372
95421,"Cazadero CDP, Timber Cove CDP",Sonoma County,16.333333333333332,14.542051587304183,1,57,373
93510,Acton CDP,Los Angeles County,16.28,18.15562355488422,1,75,374
95695,"Yolo CDP, Woodland city, Monument Hills CDP",Yolo County,16.25925925925926,20.47248170404622,1,86,375
93287,Woody,Kern,16.20689655172414,17.562905939070294,1,70,376
95634,Georgetown CDP,El Dorado County,16.176470588235293,14.429495440968369,1,59,377
92344,"Hesperia city, Oak Hills CDP, Victorville city, Phelan CDP",San Bernardino County,16.17241379310345,16.69488579843121,1,69,378
95482,"Talmage CDP, Ukiah city, Calpella CDP",Mendocino County,16.125,19.51963444924771,1,85,379
93927,Greenfield city,Monterey County,16.0,17.848902860773638,1,60,380
95377,Tracy city,San Joaquin County,15.862068965517242,18.743997397130773,1,79,381
95075,Tres Pinos CDP,San Benito County,15.842105263157896,22.50250148537747,1,92,382
93117,"Santa Barbara city, Goleta city, Buellton city, Isla Vista CDP",Santa Barbara County,15.838709677419354,15.801048012064577,1,46,383
92262,Palm Springs city,Riverside County,15.833333333333334,18.120446316596173,2,68,384
95542,"Benbow CDP, Garberville CDP",Humboldt County,15.78125,14.614915878274232,1,59,385
93628,Hume,Fresno,15.6875,20.382531261969433,1,97,386
93460,Santa Ynez CDP,Santa Barbara County,15.68,20.399591499177948,1,86,387
95623,Diamond Springs CDP,El Dorado County,15.65625,14.630082519115502,1,63,388
92345,"Apple Valley town, Hesperia city",San Bernardino County,15.64516129032258,17.926792587440683,1,69,389
93960,Soledad city,Monterey County,15.619047619047619,23.873575749091692,1,102,390
95304,"Lathrop city, Tracy city, Mountain House CDP",San Joaquin County,15.612903225806452,18.058566608592976,1,98,391
95910,Alleghany CDP,Sierra County,15.575757575757576,14.102371926005706,2,49,392
93263,"Mexican Colony CDP, Cherokee Strip CDP, Smith Corner CDP, Shafter city",Kern County,15.517241379310345,22.994752024965504,1,94,393
93260,"Posey CDP, Sugarloaf Saw Mill CDP, McClenney Tract CDP, Idlewild CDP, Sugarloaf Village CDP, Panorama Heights CDP, Sugarloaf Mountain Park CDP, Poso Park CDP",Tulare County,15.466666666666667,20.594162770792238,1,94,394
93219,"Allensworth CDP, Earlimart CDP, Teviston CDP",Tulare County,15.379310344827585,21.31969879360978,1,100,395
91963,Potrero CDP,San Diego County,15.233333333333333,14.332705145282558,1,58,396
93215,Delano city,Kern County,15.137931034482758,27.144749739565572,1,132,397
93630,"Kerman city, Biola CDP",Fresno County,15.133333333333333,17.6082530284138,1,77,398
91342,"Los Angeles city, San Fernando city",Los Angeles County,15.10344827586207,18.375730942869435,2,86,399
91750,"Pomona city, Claremont city, San Dimas city, La Verne city",Los Angeles County,15.0,16.998985770962314,1,70,400
92055,Camp Pendleton North CDP,San Diego County,14.903225806451612,14.925045703357554,1,55,401
93623,Fish Camp CDP,Mariposa County,14.875,12.97329763833788,2,64,402
95485,"Upper Lake CDP, Nice CDP",Lake County,14.866666666666667,14.109750439723035,1,52,403
93930,"Pine Canyon CDP, King City city",Monterey County,14.862068965517242,21.660899826202698,1,92,404
94952,"Petaluma city, Valley Ford CDP, Bloomfield CDP",Sonoma County,14.8,19.541997215546157,1,93,405
95425,"Cloverdale city, Geyserville CDP",Sonoma County,14.793103448275861,27.70427933724426,1,136,406
96059,Manton CDP,Tehama County,14.78125,12.304560851242742,2,62,407
95981,"La Porte CDP, Little Grass Valley CDP",Plumas County,14.666666666666666,12.418903601633545,1,51,408
94574,"Rutherford CDP, St. Helena city, Deer Park CDP",Napa County,14.535714285714286,23.380083551568138,1,99,409
95912,"Arbuckle CDP, College City CDP, Dunnigan CDP","Colusa County, Yolo County",14.5,17.091538539732824,1,57,410
93601,"Ahwahnee CDP, Nipinnawasee CDP",Madera County,14.484848484848484,10.949090179443028,1,48,411
95573,Willow Creek CDP,Humboldt County,14.285714285714286,21.26352666275202,1,109,412
96002,Redding city,Shasta County,14.25,14.24441033551237,1,64,413
92346,"Highland city, Redlands city, San Bernardino city",San Bernardino County,14.25,15.172160177260336,1,65,413
95387,Westley CDP,Stanislaus County,14.214285714285714,15.507124152172752,1,64,415
95757,"Franklin CDP, Elk Grove city",Sacramento County,14.096774193548388,12.33519311755239,1,41,416
93105,"Santa Barbara city, Mission Canyon CDP",Santa Barbara County,14.0,15.06928443335427,1,67,417
92532,"Lake Elsinore city, Menifee city, Meadowbrook CDP, Canyon Lake city, Warm Springs CDP",Riverside County,13.964285714285714,18.11584561741081,1,74,418
94571,Rio Vista city,Solano County,13.866666666666667,15.005133221284833,1,76,419
95249,San Andreas CDP,Calaveras County,13.727272727272727,14.809778710519124,1,64,420
95242,"Stockton city, Woodbridge CDP, Terminous CDP, Lodi city",San Joaquin County,13.666666666666666,13.87819032390991,1,46,421
91384,"Hasley Canyon CDP, Val Verde CDP, Castaic CDP",Los Angeles County,13.576923076923077,15.587618360540077,1,64,422
93620,"Dos Palos city, Dos Palos Y CDP, South Dos Palos CDP",Merced County,13.571428571428571,16.75847728305173,1,80,423
95514,Blocksburg,Humboldt,13.5,25.939388039270547,1,134,424
93256,"Teviston CDP, Pixley CDP",Tulare County,13.40625,19.184771136200375,1,102,425
92270,"Palm Desert city, Rancho Mirage city, Cathedral City city",Riverside County,13.387096774193548,14.486033318004022,1,61,426
93923,"Monterey city, Carmel Valley Village CDP, Carmel-by-the-Sea city",Monterey County,13.285714285714286,25.24378492319797,1,103,427
92586,"Menifee city, Perris city",Riverside County,13.233333333333333,15.830314291722468,1,54,428
96073,"Millville CDP, Palo Cedro CDP",Shasta County,13.151515151515152,10.247320418410647,2,40,429
93244,Lemon Cove CDP,Tulare County,13.121212121212121,16.332019118432616,1,95,430
93641,Squaw Valley CDP,Fresno County,13.068965517241379,10.723575611316665,1,44,431
92223,"Beaumont city, Calimesa city, Cherry Valley CDP, Banning city",Riverside County,13.033333333333333,14.449635082692868,1,58,432
93450,San Ardo CDP,Monterey County,13.0,16.824889987067465,1,66,433
95694,Winters city,Yolo County,12.961538461538462,11.322475945589883,1,45,434
93234,Huron city,Fresno County,12.954545454545455,11.407922363020036,1,32,435
95715,Emigrant gap,Placer,12.9375,14.517925516075724,1,72,436
93207,"Pine Flat CDP, California Hot Springs CDP",Tulare County,12.892857142857142,13.15812461509023,1,45,437
95335,"Cold Springs CDP, Sierra Village CDP, Long Barn CDP",Tuolumne County,12.875,9.627748874326581,1,36,438
95386,Waterford city,Stanislaus County,12.866666666666667,14.371267631400277,1,57,439
95607,Esparto CDP,Yolo County,12.827586206896552,12.145160604470176,1,56,440
92545,"Homeland CDP, Winchester CDP, Green Acres CDP, Hemet city",Riverside County,12.766666666666667,13.289050025291974,1,46,441
93505,California City city,Kern County,12.74074074074074,14.530055303491007,1,55,442
92582,"San Jacinto city, Hemet city",Riverside County,12.724137931034482,17.01867997173387,1,75,443
93250,"Delano city, McFarland city",Kern County,12.64516129032258,15.434913642122682,1,65,444
96016,"Cassel CDP, Hat Creek CDP",Shasta County,12.59375,10.539815065403342,1,44,445
93647,"Cutler CDP, East Orosi CDP, Orosi CDP",Tulare County,12.419354838709678,13.250847000722601,1,58,446
91387,Santa Clarita city,Los Angeles County,12.35,14.027322961765877,1,54,447
92509,"Glen Avon CDP, Rialto city, Crestmore Heights CDP, Mira Loma CDP, Riverside city, Pedley CDP, Rubidoux CDP, Sunnyslope CDP","Riverside County, San Bernardino County",12.333333333333334,10.841597201752954,1,38,448
95638,"Herald CDP, Clay CDP",Sacramento County,12.3125,10.284462129364014,1,48,449
93292,"Seville CDP, Linnell Camp CDP, Yettem CDP, Visalia city, Farmersville city",Tulare County,12.310344827586206,14.15501790955082,1,63,450
95645,"Knights Landing CDP, Robbins CDP","Yolo County, Sutter County",12.303030303030303,11.925510598305761,1,42,451
93015,"Piru CDP, Fillmore city",Ventura County,12.136363636363637,14.0383673401061,1,61,452
95942,"Butte Meadows CDP, Forest Ranch CDP",Butte County,12.125,10.382211834702911,1,38,453
96062,Millville CDP,Shasta County,12.0,10.173494974687905,1,47,454
93277,Visalia city,Tulare County,11.969696969696969,16.05943034575956,1,75,455
94567,Pope valley,Napa,11.96551724137931,15.474593829473916,1,63,456
90265,"Malibu city, Topanga CDP",Los Angeles County,11.96,30.654635321051636,1,157,457
95776,"Knights Landing CDP, Davis city, Woodland city",Yolo County,11.933333333333334,13.29488709950204,1,51,458
95358,"Shackelford CDP, Ceres city, Bret Harte CDP, Parklawn CDP, West Modesto CDP, Riverdale Park CDP, Salida CDP, Cowan CDP, Modesto city",Stanislaus County,11.89655172413793,14.41810574933527,2,74,459
95563,Trinity Village CDP,Trinity County,11.88,13.669674465765453,1,59,460
92373,"Loma Linda city, Calimesa city, Redlands city, Yucaipa city","San Bernardino County, Riverside County",11.8,28.26402611826194,1,159,461
95526,Ruth,Humboldt,11.758620689655173,18.432609249475302,1,96,462
95363,"Patterson city, Diablo Grande CDP, Westley CDP, Grayson CDP",Stanislaus County,11.75,11.743004221584362,1,41,463
93656,"Lanare CDP, Riverdale CDP",Fresno County,11.74074074074074,18.61883370839776,1,86,464
95693,Wilton CDP,Sacramento County,11.71875,14.128978172307734,1,75,465
95917,Biggs city,Butte County,11.65625,9.219927139170508,1,33,466
95441,Geyserville CDP,Sonoma County,11.620689655172415,25.4002443648305,1,139,467
93608,"Three Rocks CDP, Cantua Creek CDP",Fresno County,11.56,13.919650378751136,1,53,468
95448,"Windsor town, Healdsburg city",Sonoma County,11.5,27.40993155456771,1,136,469
95955,Maxwell CDP,Colusa County,11.48,11.836102962264789,2,58,470
95323,Hickman CDP,Stanislaus County,11.419354838709678,11.295350646905971,1,42,471
95457,"Clearlake Riviera CDP, Lower Lake CDP",Lake County,11.4,18.119970566569176,1,88,472
95341,"Tuttle CDP, McSwain CDP, Merced city",Merced County,11.3125,12.68841864622757,1,58,473
95461,"Hidden Valley Lake CDP, Cobb CDP, Middletown CDP",Lake County,11.3,14.280804575035148,1,58,474
91042,Los Angeles city,Los Angeles County,11.296296296296296,12.405999835113327,1,47,475
93432,Creston CDP,San Luis Obispo County,11.272727272727273,11.360674938793691,1,42,476
93645,O neals,Madera,11.225806451612904,8.800415434964249,1,42,477
95961,"Marysville city, Olivehurst CDP, Plumas Lake CDP, Linda CDP",Yuba County,11.225806451612904,9.895149240644312,1,46,477
95240,"Lockeford CDP, Lodi city, Victor CDP",San Joaquin County,11.193548387096774,10.011391361306744,1,43,479
93420,"Callender CDP, Nipomo CDP, Arroyo Grande city, Oceano CDP, Los Berros CDP",San Luis Obispo County,11.192307692307692,9.57922431418841,1,30,480
93609,Caruthers CDP,Fresno County,11.185185185185185,12.782310604404213,1,57,481
94515,Calistoga city,Napa County,11.0,13.289672103381053,1,58,482
95556,Orleans,Humboldt,10.869565217391305,13.642528250844814,1,55,483
95918,Loma Rica CDP,Yuba County,10.866666666666667,8.62127814083325,2,39,484
95313,Crows Landing CDP,Stanislaus County,10.862068965517242,15.983750985500947,1,63,485
91381,"Santa Clarita city, Stevenson Ranch CDP",Los Angeles County,10.85,13.087860988838393,1,52,486
92590,"Temecula city, Murrieta city",Riverside County,10.846153846153847,10.960628842150646,1,36,487
93531,"Bear Valley Springs CDP, Golden Hills CDP, Keene CDP",Kern County,10.827586206896552,15.06431204990609,1,71,488
93444,"Nipomo CDP, Blacklake CDP, Woodlands CDP",San Luis Obispo County,10.76,12.7386550833804,1,60,489
95546,Hoopa,Humboldt,10.73913043478261,12.778594997830437,1,48,490
92676,"Irvine city, Orange city, Lake Forest city",Orange County,10.709677419354838,11.651018691905861,1,59,491
95020,"San Martin CDP, Gilroy city",Santa Clara County,10.689655172413794,13.974730890012726,1,61,492
95379,"Tuolumne City CDP, Soulsbyville CDP",Tuolumne County,10.689655172413794,10.498651097967171,1,47,492
95991,Yuba City city,Sutter County,10.6875,12.721425919265295,1,64,494
93638,"Fairmead CDP, Madera city, Parksdale CDP, Madera Acres CDP",Madera County,10.678571428571429,8.764632511907335,1,37,495
95713,Colfax city,Placer County,10.67741935483871,10.42876501724659,1,43,496
95310,Columbia CDP,Tuolumne County,10.625,9.199403907757532,1,33,497
93908,"Prunedale CDP, Salinas city, Gonzales city, Chualar CDP",Monterey County,10.625,13.288806993268729,1,56,497
93723,"Fresno city, Biola CDP",Fresno County,10.620689655172415,14.840614622195808,1,75,499
91350,Santa Clarita city,Los Angeles County,10.565217391304348,13.169614086140323,1,47,500
91917,Dulzura,San Diego,10.533333333333333,10.595162635107014,1,44,501
95037,"Morgan Hill city, San Jose city, San Martin CDP",Santa Clara County,10.5,13.79881905843422,1,72,502
93291,"West Goshen CDP, Goshen CDP, Visalia city, Patterson Tract CDP",Tulare County,10.482758620689655,10.554689850133556,1,43,503
95301,"McSwain CDP, Atwater city",Merced County,10.481481481481481,13.921124983194456,1,55,504
92571,"Moreno Valley city, Mead Valley CDP, Perris city",Riverside County,10.464285714285714,9.35110269931422,1,36,505
93651,Auberry CDP,Fresno County,10.428571428571429,8.621371255667066,1,31,506
93285,"Kernville CDP, Lake Isabella CDP, Wofford Heights CDP",Kern County,10.275862068965518,13.892178045124473,1,51,507
93003,"Oxnard city, San Buenaventura (Ventura) city",Ventura County,10.2,16.35011669039318,1,66,508
95422,Clearlake city,Lake County,10.2,14.809669671855403,1,55,508
92064,"Poway city, San Diego city",San Diego County,10.192307692307692,12.687061852987808,1,43,510
95206,"French Camp CDP, Stockton city, Kennedy CDP, Taft Mosswood CDP",San Joaquin County,10.1875,9.454261711848739,1,39,511
93405,"San Luis Obispo city, Morro Bay city, Los Osos CDP, Avilla Beach CDP",San Luis Obispo County,10.130434782608695,11.537702417513586,1,40,512
93662,"Selma city, Parlier city",Fresno County,10.06060606060606,11.675132210009963,1,52,513
95423,"Spring Valley CDP, Clearlake Oaks CDP",Lake County,10.043478260869565,11.550199765567084,1,42,514
93314,"Rosedale CDP, Bakersfield city, Shafter city",Kern County,10.038461538461538,11.137255565823274,1,36,515
93247,"El Rancho CDP, Tonyville CDP, Lindsay city",Tulare County,10.03125,12.348395154967541,1,47,516
93932,Lockwood CDP,Monterey County,10.0,11.436782764396638,1,53,517
92557,"Moreno Valley city, Highgrove CDP, Riverside city",Riverside County,9.96551724137931,12.434062543273988,1,59,518
96029,"Paskenta CDP, Flournoy CDP",Tehama County,9.88888888888889,12.232784868582693,1,59,519
91011,"La Cañada Flintridge city, Glendale city, La Crescenta-Montrose CDP, Pasadena city",Los Angeles County,9.884615384615385,11.388860954729136,1,51,520
93618,"Sultana CDP, Dinuba city, Monson CDP, London CDP, Delft Colony CDP",Tulare County,9.846153846153847,15.164939321190328,1,78,521
95662,"Folsom city, Orangevale CDP",Sacramento County,9.814814814814815,13.576101845174163,1,65,522
92678,Rancho Santa Margarita city,Orange County,9.8,10.69127907576367,1,42,523
95374,Stevinson CDP,Merced County,9.8,17.47140520965615,1,89,523
92410,"Rialto city, Colton city, Highland city, San Bernardino city",San Bernardino County,9.785714285714286,10.521079872956088,1,41,525
93226,Glennville,Kern,9.75,11.783934449542356,1,46,526
95925,Challenge-Brownsville CDP,Yuba County,9.666666666666666,7.018858013672307,1,34,527
95385,Grayson CDP,Stanislaus County,9.653846153846153,7.904137183487178,1,32,528
95602,"Auburn city, North Auburn CDP, Lake of the Pines CDP","Placer County, Nevada County",9.620689655172415,9.548424675992552,1,46,529
93428,Cambria CDP,San Luis Obispo County,9.590909090909092,19.597519500252336,1,75,530
92376,"Rialto city, Colton city, San Bernardino city",San Bernardino County,9.533333333333333,14.209596886546816,1,60,531
95993,"Sutter CDP, Yuba City city",Sutter County,9.5,8.249346891598815,1,36,532
92003,"Oceanside city, Bonsall CDP",San Diego County,9.5,16.6915755892658,1,84,532
95488,Westport,Mendocino,9.482758620689655,9.409799943429693,1,47,534
95935,Dobbins CDP,Yuba County,9.448275862068966,7.336728576613457,1,30,535
95762,El Dorado Hills CDP,El Dorado County,9.428571428571429,9.708448292799847,1,33,536
95568,Somes bar,Siskiyou,9.423076923076923,10.856051130767861,1,48,537
91739,"Fontana city, Rancho Cucamonga city",San Bernardino County,9.357142857142858,9.377728879734098,1,35,538
95543,Gasquet CDP,Del Norte County,9.3,10.08293197643321,1,39,539
95445,Anchor Bay CDP,Mendocino County,9.296296296296296,11.454978141250391,1,59,540
96035,"Gerber CDP, Proberta CDP, Las Flores CDP",Tehama County,9.285714285714286,9.571783930858846,1,42,541
93218,Ducor CDP,Tulare County,9.28125,14.74128364656169,1,77,542
93631,"Kingsburg city, Traver CDP","Fresno County, Tulare County",9.258064516129032,8.578918898227537,1,30,543
95629,Fiddletown CDP,Amador County,9.151515151515152,11.541017102386416,1,52,544
95326,"Ceres city, Keyes CDP, Hughson city",Stanislaus County,9.129032258064516,15.209080479511512,1,86,545
95977,Smartsville CDP,Yuba County,9.1,9.538849782464014,1,50,546
95227,Clements,San Joaquin,9.074074074074074,7.868759681003032,1,32,547
95248,Rail Road Flat CDP,Calaveras County,9.03225806451613,6.997541811082622,1,24,548
95689,"Volcano CDP, Pioneer CDP",Amador County,9.0,10.024108869155883,1,42,549
95140,San Jose city,Santa Clara County,9.0,13.768268496485112,1,68,549
95325,Hornitos CDP,Mariposa County,8.966666666666667,12.474756119054396,1,57,551
92869,"Villa Park city, North Tustin CDP, Orange city",Orange County,8.91304347826087,18.674029227484162,1,92,552
95536,Ferndale city,Humboldt County,8.9,9.628800190233894,1,46,553
95668,Pleasant grove,Sutter,8.89655172413793,10.26556249793526,1,53,554
93040,Piru CDP,Ventura County,8.863636363636363,10.471255232644564,1,35,555
95703,Applegate,Placer,8.838709677419354,8.286924536857441,1,29,556
95225,Burson,Calaveras,8.833333333333334,8.542321954118568,1,39,557
93603,Hartland CDP,Tulare County,8.833333333333334,10.56370929280944,1,55,557
95962,Dobbins CDP,Yuba County,8.821428571428571,6.182733252873722,2,28,559
93245,"Armona CDP, Lemoore Station CDP, Lemoore city",Kings County,8.76,9.457272334029511,1,33,560
92019,"Crest CDP, Alpine CDP, Casa de Oro-Mount Helix CDP, El Cajon city, Granite Hills CDP, Harbison Canyon CDP, Rancho San Diego CDP, Jamul CDP",San Diego County,8.74074074074074,11.144479808381824,1,50,561
93925,Chualar CDP,Monterey County,8.714285714285714,19.196725911318463,1,83,562
95449,Hopland CDP,Mendocino County,8.666666666666666,10.561071531054884,1,40,563
95685,"Drytown CDP, Fiddletown CDP, Amador City city, Sutter Creek city, Martell CDP",Amador County,8.64516129032258,8.340856818883674,1,39,564
93646,"Orange Cove city, Squaw Valley CDP",Fresno County,8.59375,8.52268084053823,1,34,565
92078,"Lake San Marcos CDP, Escondido city, Carlsbad city, San Marcos city, Vista city",San Diego County,8.583333333333334,10.541498394715862,1,52,566
92651,"Dana Point city, Aliso Viejo city, Newport Beach city, Laguna Beach city",Orange County,8.55,12.758794696414828,1,57,567
95322,"Gustine city, Santa Nella CDP",Merced County,8.5,12.078447287995626,1,63,568
95747,Roseville city,Placer County,8.5,11.248188259912562,1,52,568
93452,San Simeon CDP,San Luis Obispo County,8.458333333333334,8.968443065242301,1,39,570
95932,Colusa city,Colusa County,8.4,13.996551299368784,1,67,571
95692,Wheatland city,Yuba County,8.4,8.109594147759758,1,30,571
92026,"Escondido city, Bonsall CDP, Hidden Meadows CDP",San Diego County,8.375,7.671587897532376,1,29,573
92679,"Mission Viejo city, Rancho Santa Margarita city, Coto de Caza CDP, Lake Forest city",Orange County,8.37037037037037,7.296722911154379,1,26,574
95650,"Penryn CDP, Loomis town, Rocklin city, Lincoln city, Granite Bay CDP",Placer County,8.344827586206897,8.780155636714312,1,33,575
92567,"Lakeview CDP, San Jacinto city, Nuevo CDP",Riverside County,8.25,6.96352933078771,1,29,576
92508,"Moreno Valley city, Riverside city, Lake Mathews CDP, Mead Valley CDP, Woodcrest CDP",Riverside County,8.241379310344827,9.95940034200924,1,39,577
94060,"Pescadero CDP, Loma Mar CDP",San Mateo County,8.222222222222221,12.392098392286211,1,58,578
95829,"Sacramento city, Vineyard CDP, Elk Grove city",Sacramento County,8.222222222222221,7.6878192032958275,1,28,578
91765,"Pomona city, Diamond Bar city, Industry city",Los Angeles County,8.206896551724139,11.200699309624847,1,58,580
95076,"Interlaken CDP, Rio del Mar CDP, Pajaro Dunes CDP, Amesti CDP, Freedom CDP, Day Valley CDP, Pajaro CDP, Corralitos CDP, Prunedale CDP, Las Lomas CDP, Aptos Hills-Larkin Valley CDP, La Selva Beach CDP, Watsonville city, Elkhorn CDP","Santa Cruz County, Monterey County",8.192307692307692,6.5606050377643115,1,25,581
93455,"Los Alamos CDP, Orcutt CDP, Guadalupe city, Santa Maria city",Santa Barbara County,8.16,8.518020114244075,1,31,582
95614,Auburn Lake Trails CDP,El Dorado County,8.142857142857142,8.217931098177418,1,34,584
95247,"Forest Meadows CDP, Avery CDP, Murphys CDP",Calaveras County,8.142857142857142,6.275846029520115,1,27,584
95658,"Auburn city, Newcastle CDP",Placer County,8.142857142857142,6.4676647896043455,1,25,584
91605,"Burbank city, Los Angeles city",Los Angeles County,8.136363636363637,9.07794530216452,1,37,586
92131,"Poway city, San Diego city",San Diego County,8.090909090909092,9.8894320262018,1,38,587
93401,"San Luis Obispo city, Los Ranchos CDP, Edna CDP",San Luis Obispo County,8.076923076923077,9.024070376157654,1,35,588
95303,"Cressey CDP, Ballico CDP",Merced County,8.064516129032258,7.60673159717088,1,33,589
94019,"Half Moon Bay city, El Granada CDP, Moss Beach CDP",San Mateo County,8.04,10.462154016581225,1,42,590
95682,"Cameron Park CDP, El Dorado Hills CDP, Shingle Springs CDP, Diamond Springs CDP",El Dorado County,8.035714285714286,6.647094285013749,1,24,591
95603,"Auburn city, North Auburn CDP",Placer County,8.0,8.464937826930159,1,35,592
93201,Alpaugh CDP,Tulare County,7.966666666666667,9.360530980125278,1,39,593
95257,Wilseyville,Calaveras,7.9375,6.890561567076911,1,30,594
93926,Gonzales city,Monterey County,7.923076923076923,9.402672833309495,1,34,595
90221,"Compton city, Paramount city, East Rancho Dominguez CDP",Los Angeles County,7.888888888888889,14.853990226233007,1,71,596
92029,"Escondido city, San Marcos city, San Diego city",San Diego County,7.888888888888889,7.443806580658609,1,31,596
95957,Meridian CDP,Sutter County,7.857142857142857,6.910616018605994,1,26,598
91745,"Whittier city, Hacienda Heights CDP, La Habra Heights city, Industry city",Los Angeles County,7.827586206896552,9.028007870420494,1,49,599
95742,"Folsom city, Rancho Cordova city",Sacramento County,7.814814814814815,7.152390869960559,1,28,600
90037,Los Angeles city,Los Angeles County,7.814814814814815,8.539667787796311,1,40,600
91722,"Charter Oak CDP, Covina city, West Covina city, Citrus CDP, Vincent CDP",Los Angeles County,7.777777777777778,9.763879010584539,1,47,602
94588,"Pleasanton city, Hayward city, Sunol CDP, Livermore city",Alameda County,7.769230769230769,11.712912007366386,1,39,603
93625,Fowler city,Fresno County,7.7272727272727275,7.297630523355596,1,33,604
95970,Princeton CDP,Colusa County,7.708333333333333,9.791207975688618,1,44,605
95950,Grimes CDP,Colusa County,7.703703703703703,9.252088391338445,1,35,606
95687,"Vacaville city, Elmira CDP, Fairfield city",Solano County,7.6923076923076925,7.862667388459115,1,27,607
95132,"East Foothills CDP, San Jose city",Santa Clara County,7.666666666666667,8.990735972840785,1,36,608
92124,San Diego city,San Diego County,7.642857142857143,8.891170342137757,1,37,609
95437,"Cleone CDP, Fort Bragg city",Mendocino County,7.64,10.234256201600584,1,54,610
95619,Diamond Springs CDP,El Dorado County,7.612903225806452,7.022238101701568,1,30,611
95255,West Point CDP,Calaveras County,7.612903225806452,8.6088226812375,1,33,611
92335,"Fontana city, Rialto city, Bloomington CDP",San Bernardino County,7.607142857142857,7.340094285973725,1,30,613
91748,"Rowland Heights CDP, Hacienda Heights CDP, La Habra Heights city, South San Jose Hills CDP, Industry city",Los Angeles County,7.607142857142857,11.69786079118516,1,60,613
95660,"McClellan Park CDP, Sacramento city, North Highlands CDP, Foothill Farms CDP",Sacramento County,7.571428571428571,10.086399245293123,1,41,615
95670,"Folsom city, Gold River CDP, Rancho Cordova city",Sacramento County,7.548387096774194,9.496801951806091,1,40,616
95664,Pilot hill,El Dorado,7.533333333333333,7.8333211053952,1,29,617
92067,"Fairbanks Ranch CDP, Encinitas city, Rancho Santa Fe CDP, San Diego city",San Diego County,7.521739130434782,10.040235261719317,1,46,618
95635,Georgetown CDP,El Dorado County,7.5,6.876998142232981,1,27,619
93440,Los Alamos CDP,Santa Barbara County,7.473684210526316,8.448329361823435,1,33,620
94551,"Livermore city, Dublin city",Alameda County,7.461538461538462,14.670325883853485,1,74,621
95451,"Clearlake Riviera CDP, Soda Bay CDP, Kelseyville CDP",Lake County,7.413793103448276,11.26155673512868,1,56,622
91344,Los Angeles city,Los Angeles County,7.391304347826087,7.584308744403461,1,24,623
92677,"Dana Point city, San Juan Capistrano city, Aliso Viejo city, Mission Viejo city, Laguna Niguel city, Laguna Beach city, Laguna Hills city",Orange County,7.380952380952381,9.841118790443444,1,43,624
94586,"Pleasanton city, Hayward city, Sunol CDP",Alameda County,7.379310344827586,9.976450102629006,1,39,625
92020,"Casa de Oro-Mount Helix CDP, Santee city, El Cajon city, La Mesa city, Bostonia CDP, Rancho San Diego CDP",San Diego County,7.379310344827586,7.252653667567126,1,27,625
95672,"Cameron Park CDP, El Dorado Hills CDP",El Dorado County,7.363636363636363,6.818257575336705,1,26,627
95621,"Carmichael CDP, Citrus Heights city, Antelope CDP, Foothill Farms CDP",Sacramento County,7.346153846153846,8.881181487582866,1,36,628
95380,"Turlock city, Delhi CDP","Stanislaus County, Merced County",7.344827586206897,8.107650100231464,1,40,629
95470,"Calpella CDP, Redwood Valley CDP",Mendocino County,7.296296296296297,7.584472066282301,1,30,630
94517,"Concord city, Clayton city",Contra Costa County,7.25,9.926906782118463,1,39,631
92886,"Yorba Linda city, Brea city, Placentia city, Anaheim city",Orange County,7.230769230769231,10.944615817131973,1,46,632
95453,"Lakeport city, North Lakeport CDP",Lake County,7.2272727272727275,7.897750241331949,1,32,633
94534,"Suisun City city, Green Valley CDP, Vacaville city, Fairfield city, Vallejo city",Solano County,7.2,7.035623639735145,1,24,634
95673,"Elverta CDP, Sacramento city, Rio Linda CDP",Sacramento County,7.2,6.2182527020592095,1,28,634
93305,Bakersfield city,Kern County,7.181818181818182,7.75601986561691,1,30,636
95765,"Rocklin city, Roseville city",Placer County,7.142857142857143,6.878384207949518,1,32,637
91311,Los Angeles city,Los Angeles County,7.12,7.672027111526652,1,32,638
95612,Clarksburg CDP,Yolo County,7.086956521739131,10.987236576543385,1,54,639
92117,San Diego city,San Diego County,7.08,9.27775116429982,1,30,640
92084,"San Marcos city, Bonsall CDP, Vista city",San Diego County,7.04,8.84816365128946,1,40,641
95903,Beale AFB CDP,Yuba County,6.966666666666667,7.805759736084071,1,42,642
91730,Rancho Cucamonga city,San Bernardino County,6.962962962962963,9.633600978152865,1,46,643
90042,"Los Angeles city, South Pasadena city, Pasadena city",Los Angeles County,6.961538461538462,8.946421717002922,1,44,644
93063,"Simi Valley city, Santa Susana CDP",Ventura County,6.954545454545454,10.444762974480252,1,49,645
94513,"Knightsen CDP, Byron CDP, Antioch city, Brentwood city, Discovery Bay CDP",Contra Costa County,6.933333333333334,7.2584473182123705,1,27,646
91776,"Rosemead city, San Gabriel city, Temple City city, Alhambra city",Los Angeles County,6.928571428571429,7.6639056449991445,1,38,647
93441,Los Olivos CDP,Santa Barbara County,6.909090909090909,8.815079563204618,1,38,648
95553,Miranda CDP,Humboldt County,6.888888888888889,5.885662718931967,1,28,649
93725,"Fresno city, Calwa CDP, Bowles CDP, Monmouth CDP, Malaga CDP, Easton CDP",Fresno County,6.88,6.280392769033902,1,23,650
95317,El Nido CDP,Merced County,6.85,6.627494565107263,1,22,651
93312,"Rosedale CDP, Bakersfield city, Greenacres CDP",Kern County,6.826086956521739,7.475123434146838,1,21,652
90058,"Maywood city, Commerce city, Bell city, Los Angeles city, Huntington Park city, Florence-Graham CDP, Vernon city",Los Angeles County,6.793103448275862,11.226178940140723,1,53,653
95246,"Mountain Ranch CDP, Rail Road Flat CDP",Calaveras County,6.787878787878788,7.519797103968197,1,39,654
95688,"Allendale CDP, Vacaville city, Hartley CDP",Solano County,6.785714285714286,6.511284465973315,1,25,655
92653,"Aliso Viejo city, Mission Viejo city, Laguna Woods city, Laguna Niguel city, Laguna Hills city",Orange County,6.782608695652174,7.833242227485781,1,33,656
90247,"Los Angeles city, West Athens CDP, Gardena city, Torrance city",Los Angeles County,6.782608695652174,10.83746247446216,1,47,656
93615,"Yettem CDP, Cutler CDP, Monson CDP, Orosi CDP",Tulare County,6.777777777777778,6.8181507380799005,1,30,658
92011,Carlsbad city,San Diego County,6.7727272727272725,6.2253844263154745,1,21,659
94062,"Redwood City city, Emerald Lake Hills CDP, Woodside town",San Mateo County,6.75,10.567452513807618,1,44,660
95432,Elk,Mendocino,6.75,14.198132149044786,1,72,660
92058,"Camp Pendleton South CDP, Camp Pendleton North CDP, Oceanside city",San Diego County,6.7407407407407405,11.227002451482054,1,58,662
91786,Upland city,San Bernardino County,6.724137931034483,6.447017869439093,1,28,663
94956,"Inverness CDP, Point Reyes Station CDP",Marin County,6.703703703703703,8.839660691429346,1,38,664
95436,"Windsor town, Forestville CDP, Guerneville CDP",Sonoma County,6.684210526315789,14.445501535768255,1,65,665
93022,"Oak View CDP, Mira Monte CDP",Ventura County,6.684210526315789,8.144886818523,1,36,665
93907,"Boronda CDP, Prunedale CDP, Salinas city, Elkhorn CDP",Monterey County,6.681818181818182,5.515228818258488,1,19,667
94585,"Suisun City city, Fairfield city",Solano County,6.666666666666667,5.689272017750076,1,23,668
95811,Sacramento city,Sacramento County,6.653846153846154,6.511173827765974,1,25,669
95407,"Roseland CDP, Santa Rosa city, Rohnert Park city",Sonoma County,6.64,7.398648525237565,1,26,670
95585,Leggett CDP,Mendocino County,6.615384615384615,6.542641198029574,1,24,671
91307,"Bell Canyon CDP, Los Angeles city","Ventura County, Los Angeles County",6.565217391304348,11.758270153217582,1,58,672
90660,"Pico Rivera city, Industry city",Los Angeles County,6.555555555555555,8.603815492305785,1,46,673
95618,"West Sacramento city, Davis city",Yolo County,6.55,7.917169882437058,1,27,674
93010,Camarillo city,Ventura County,6.526315789473684,7.471192237540966,1,28,675
94559,Napa city,Napa County,6.5,7.932753080020291,1,34,676
95315,Delhi CDP,Merced County,6.454545454545454,9.16373428106828,1,42,677
95837,Sacramento city,Sacramento County,6.454545454545454,7.468838583310646,1,30,677
95828,"Sacramento city, Florin CDP",Sacramento County,6.444444444444445,7.292426700316375,1,32,679
95476,"Fetters Hot Springs-Agua Caliente CDP, Boyes Hot Springs CDP, Sonoma city, Eldridge CDP, El Verano CDP, Temelec CDP",Sonoma County,6.4,8.351646544245032,1,32,680
90680,"Cypress city, Stanton city, Garden Grove city",Orange County,6.388888888888889,8.718734992490656,1,29,681
92883,"Temescal Valley CDP, Lake Elsinore city, Corona city",Riverside County,6.333333333333333,6.650621717611763,1,24,682
93652,Raisin City CDP,Fresno County,6.321428571428571,10.63555731332775,1,44,683
91501,Burbank city,Los Angeles County,6.291666666666667,10.377564289355673,1,51,684
90638,"La Mirada city, South Whittier CDP",Los Angeles County,6.291666666666667,8.554069291821019,1,32,684
95555,Orick CDP,Humboldt County,6.266666666666667,6.400071838677272,1,28,686
95410,Albion CDP,Mendocino County,6.2105263157894735,12.331436554002138,1,56,687
94552,"Union City city, Hayward city, Sunol CDP, Fairview CDP, Castro Valley CDP",Alameda County,6.173913043478261,7.432436122790938,1,32,688
90027,Los Angeles city,Los Angeles County,6.153846153846154,7.852094282125286,1,35,689
95632,"Collierville CDP, Herald CDP, Dogtown CDP, Thornton CDP, Galt city","San Joaquin County, Sacramento County",6.148148148148148,5.722450414502404,1,23,690
95550,Korbel,Humboldt,6.137931034482759,6.79665956781625,1,28,691
94002,"Redwood City city, Belmont city",San Mateo County,6.136363636363637,9.109364384001744,1,41,692
95825,"Sacramento city, Arden-Arcade CDP",Sacramento County,6.125,5.067479435191322,1,21,693
95503,"Myrtletown CDP, Cutten CDP, Bayview CDP, Humboldt Hill CDP, Eureka city, Fields Landing CDP, Pine Hills CDP, Indianola CDP",Humboldt County,6.083333333333333,5.356155878715764,1,21,694
95348,"Franklin CDP, Merced city",Merced County,6.08,4.545327270945404,1,18,696
93704,"Fresno city, Old Fig Garden CDP",Fresno County,6.08,6.136774397026503,1,28,696
92835,"La Habra city, Brea city, Fullerton city",Orange County,6.08,7.804485889538144,1,36,696
94954,"Penngrove CDP, Petaluma city",Sonoma County,6.0,6.98212002188447,1,28,699
95606,Brooks,Yolo,6.0,6.342772992214779,1,25,699
92127,"Fairbanks Ranch CDP, San Diego city",San Diego County,6.0,7.236737550192791,1,31,699
92675,"Dana Point city, San Juan Capistrano city, Ladera Ranch CDP, San Clemente city, Mission Viejo city, Laguna Niguel city",Orange County,5.916666666666667,5.089773777040516,1,19,701
95494,Yorkville,Mendocino,5.888888888888889,5.139091010116128,1,21,702
91360,Thousand Oaks city,Ventura County,5.833333333333333,9.426183807696017,1,40,703
93267,"Strathmore CDP, Plainview CDP",Tulare County,5.821428571428571,9.092339353578645,1,49,704
94553,"Reliez Valley CDP, Alhambra Valley CDP, Hercules city, Mountain View CDP, Pacheco CDP, Martinez city, Vine Hill CDP",Contra Costa County,5.809523809523809,6.801610453554713,1,31,705
90806,"Long Beach city, Signal Hill city",Los Angeles County,5.8,7.444237144709099,1,32,706
94015,"Daly City city, Broadmoor CDP",San Mateo County,5.782608695652174,7.115645513036304,1,33,707
94020,La Honda CDP,San Mateo County,5.777777777777778,11.527744310527055,1,51,708
95982,Sutter CDP,Sutter County,5.76,4.968903299521938,1,19,709
94503,American Canyon city,Napa County,5.75,8.372102798171907,1,30,710
95639,Hood CDP,Sacramento County,5.714285714285714,7.01774018104669,1,32,711
93727,"Fresno city, Tarpey Village CDP, Sunnyside CDP, Clovis city",Fresno County,5.703703703703703,4.6559706483248675,1,19,712
94030,"San Bruno city, Millbrae city",San Mateo County,5.6875,4.7849590733185305,1,16,713
93434,Guadalupe city,Santa Barbara County,5.684210526315789,7.079333235858267,1,28,714
93223,Farmersville city,Tulare County,5.678571428571429,8.961041488033885,1,48,715
92113,San Diego city,San Diego County,5.666666666666667,4.565148377670208,1,19,717
91406,Los Angeles city,Los Angeles County,5.666666666666667,9.28619046398109,1,35,717
92606,"Santa Ana city, Irvine city, Tustin city",Orange County,5.666666666666667,4.820096817838137,1,16,717
95324,Hilmar-Irwin CDP,Merced County,5.6521739130434785,6.826477167165653,1,29,719
95412,Annapolis,Sonoma,5.625,4.613896778024068,1,18,720
92610,"Irvine city, Lake Forest city",Orange County,5.615384615384615,4.29955274954894,1,14,721
92505,"Norco city, Riverside city",Riverside County,5.6,5.392896562454478,1,20,722
91006,"Arcadia city, El Monte city, Monrovia city, Mayflower Village CDP, North El Monte CDP",Los Angeles County,5.592592592592593,6.611524083919736,1,28,723
93030,Oxnard city,Ventura County,5.55,5.716780470454363,1,23,724
90710,"Los Angeles city, Lomita city, West Carson CDP",Los Angeles County,5.55,6.278409117971811,1,22,724
91710,"Chino Hills city, Ontario city, Montclair city, Chino city",San Bernardino County,5.538461538461538,3.711935012693721,1,16,726
95554,"Weott CDP, Myers Flat CDP",Humboldt County,5.533333333333333,10.280818940883945,1,42,727
92056,"Carlsbad city, Oceanside city, Vista city",San Diego County,5.52,7.101173611922657,1,36,728
95320,Escalon city,San Joaquin County,5.517241379310345,6.051096061607189,1,24,729
95004,"Prunedale CDP, Aromas CDP","Monterey County, Monterey County, San Benito County",5.470588235294118,5.6470971199681825,1,19,730
91762,"Ontario city, Montclair city, Chino city",San Bernardino County,5.464285714285714,5.145887555141361,1,19,731
95356,"Salida CDP, Del Rio CDP, Modesto city",Stanislaus County,5.461538461538462,8.769176787958012,1,46,732
95641,Isleton city,Sacramento County,5.458333333333333,5.299541954502882,1,23,733
95404,"Larkfield-Wikiup CDP, Santa Rosa city",Sonoma County,5.458333333333333,6.971863743502954,1,34,733
95006,"Boulder Creek CDP, Brookdale CDP",Santa Cruz County,5.434782608695652,9.437960521968147,1,45,735
95337,Manteca city,San Joaquin County,5.416666666666667,6.035522863173004,1,25,736
95624,"Elk Grove city, Florin CDP",Sacramento County,5.413793103448276,5.192833257613739,1,22,737
90210,"Los Angeles city, Beverly Hills city, West Hollywood city",Los Angeles County,5.391304347826087,6.726738575097705,1,27,738
95135,San Jose city,Santa Clara County,5.388888888888889,7.038874315825431,1,24,739
95207,"Stockton city, Lincoln Village CDP",San Joaquin County,5.375,3.9870714980339628,1,16,740
92672,"Dana Point city, San Clemente city",Orange County,5.363636363636363,5.1320232206861975,1,19,741
94510,Benicia city,Solano County,5.357142857142857,5.825766940031196,1,20,742
95659,"East Nicolaus CDP, Nicolaus CDP, Trowbridge CDP",Sutter County,5.346153846153846,4.979496421866835,1,22,743
92504,"Riverside city, Lake Mathews CDP, Rubidoux CDP, Woodcrest CDP",Riverside County,5.333333333333333,4.811844360933358,1,19,744
92121,"Del Mar city, San Diego city",San Diego County,5.333333333333333,5.484243163548009,1,20,744
95681,Sheridan CDP,Placer County,5.321428571428571,6.170740824896337,1,28,746
95045,"San Juan Bautista city, Hollister city",San Benito County,5.3125,4.672169374783695,1,14,747
93427,Buellton city,Santa Barbara County,5.304347826086956,7.137829964407285,1,29,748
93463,"Los Olivos CDP, Ballard CDP, Buellton city, Solvang city, Santa Ynez CDP",Santa Barbara County,5.3,6.416262233780005,1,19,749
95937,Dunnigan CDP,Yolo County,5.260869565217392,7.306394405552316,1,30,750
95466,Philo CDP,Mendocino County,5.24,6.5465003373303725,1,30,751
95615,Courtland CDP,Sacramento County,5.2272727272727275,5.042031130613726,1,15,752
93465,"Atascadero city, Templeton CDP",San Luis Obispo County,5.222222222222222,7.288633823051885,1,29,753
92882,"Corona city, Coronita CDP",Riverside County,5.214285714285714,5.593363414414827,1,24,754
95334,"Livingston city, Cressey CDP",Merced County,5.181818181818182,7.346112438927679,1,31,755
95012,"Prunedale CDP, Castroville CDP, Elkhorn CDP",Monterey County,5.142857142857143,6.538138324267295,1,27,756
93402,"Morro Bay city, Los Osos CDP",San Luis Obispo County,5.052631578947368,9.40138101090902,1,43,757
94514,Byron CDP,Contra Costa County,5.05,5.77175518319487,1,19,758
90266,Manhattan Beach city,Los Angeles County,5.0476190476190474,6.288689771933344,1,22,759
95686,Thornton CDP,San Joaquin County,5.045454545454546,4.90361647617904,1,16,760
95822,Sacramento city,Sacramento County,5.037037037037037,4.5105132019238505,1,18,761
92880,"Eastvale CDP, Corona city, Norco city, Chino city","Riverside County, San Bernardino County",5.037037037037037,5.170043010396019,1,22,761
93266,Stratford CDP,Kings County,5.0,5.1835861348482775,1,21,764
94044,Pacifica city,San Mateo County,5.0,4.844964830680024,1,16,764
93422,"Atascadero city, Garden Farms CDP",San Luis Obispo County,5.0,7.416198487095664,1,32,764
95131,San Jose city,Santa Clara County,4.944444444444445,5.935657178762167,1,25,766
95549,Arcata city,Humboldt County,4.925925925925926,4.581953949386876,1,20,767
95017,Davenport CDP,Santa Cruz County,4.916666666666667,10.166418278138108,1,37,768
95219,Stockton city,San Joaquin County,4.913043478260869,5.583360371987309,1,21,769
94545,Hayward city,Alameda County,4.909090909090909,4.576431245383562,1,15,770
92648,Huntington Beach city,Orange County,4.904761904761905,5.098085541698588,1,18,771
95442,"Glen Ellen CDP, Eldridge CDP, Kenwood CDP",Sonoma County,4.882352941176471,4.3572117366094405,1,17,772
95340,"Tuttle CDP, Bear Creek CDP, Merced city, University of California Merced CDP",Merced County,4.857142857142857,4.025053813436313,1,16,773
95528,Carlotta,Humboldt,4.85,8.707377392339877,1,39,774
95525,Blue Lake city,Humboldt County,4.842105263157895,7.236198801816821,1,28,775
91303,Los Angeles city,Los Angeles County,4.818181818181818,4.531754244969219,1,18,776
92802,"Garden Grove city, Anaheim city",Orange County,4.8,5.8309518948453,1,22,777
95366,Ripon city,San Joaquin County,4.793103448275862,5.746920357553176,1,27,778
93066,Somis,Ventura,4.761904761904762,5.117663157191589,1,23,779
95524,"Arcata city, Eureka city, Indianola CDP",Humboldt County,4.733333333333333,7.16605755994054,1,29,780
92118,"Coronado city, San Diego city",San Diego County,4.730769230769231,6.496507937701253,1,26,781
93012,"Thousand Oaks city, Camarillo city, Santa Rosa Valley CDP",Ventura County,4.714285714285714,4.54029577387704,1,15,782
93940,"Seaside city, Monterey city, Del Rey Oaks city",Monterey County,4.705882352941177,6.640450906022432,1,29,783
93021,"Moorpark city, Simi Valley city, Thousand Oaks city, Santa Rosa Valley CDP",Ventura County,4.7,8.712362662211365,1,40,784
90274,"Palos Verdes Estates city, Rancho Palos Verdes city, Rolling Hills Estates city, Rolling Hills city",Los Angeles County,4.7,6.73638978744706,1,23,784
95388,"Winton CDP, Atwater city, Cressey CDP",Merced County,4.678571428571429,5.8058308585138745,1,28,786
90290,"Calabasas city, Los Angeles city, Malibu city, Topanga CDP",Los Angeles County,4.666666666666667,4.9531134989351235,1,21,787
95560,Redway CDP,Humboldt County,4.666666666666667,7.412231544588191,1,33,787
93268,"South Taft CDP, Taft city, Dustin Acres CDP, Ford City CDP, Valley Acres CDP, Taft Heights CDP",Kern County,4.6521739130434785,4.498572456924266,1,16,789
93013,"Carpinteria city, Summerland CDP, Toro Canyon CDP",Santa Barbara County,4.6521739130434785,5.390300174237001,1,24,789
94539,"Fremont city, Sunol CDP",Alameda County,4.636363636363637,7.486784894195107,1,36,791
94607,Oakland city,Alameda County,4.625,4.780508432119456,1,18,792
95492,"Larkfield-Wikiup CDP, Windsor town",Sonoma County,4.6,5.565197981332611,1,18,793
95450,"Jenner CDP, Timber Cove CDP",Sonoma County,4.588235294117647,4.925175422375986,1,19,794
94063,"Redwood City city, North Fair Oaks CDP",San Mateo County,4.578947368421052,4.2467738012870715,1,15,795
93242,Laton CDP,Fresno County,4.523809523809524,4.895089862495351,1,21,796
91362,"Simi Valley city, Thousand Oaks city, Westlake Village city","Ventura County, Los Angeles County",4.521739130434782,9.064764777660164,1,45,797
94005,"South San Francisco city, Brisbane city",San Mateo County,4.521739130434782,5.062065381724515,1,23,797
95458,Lucerne CDP,Lake County,4.5,6.697233845138647,1,29,799
95357,"Empire CDP, Riverbank city, Modesto city",Stanislaus County,4.5,4.474371464239418,1,18,799
91977,"Casa de Oro-Mount Helix CDP, La Presa CDP, Lemon Grove city, Spring Valley CDP",San Diego County,4.481481481481482,5.131879025871746,1,26,801
91301,"Agoura Hills city, Calabasas city",Los Angeles County,4.476190476190476,4.411564888098639,1,18,802
92704,"Santa Ana city, Fountain Valley city",Orange County,4.461538461538462,4.263620707621814,1,19,803
95427,Comptche CDP,Mendocino County,4.434782608695652,4.087965563772875,1,19,804
93905,Salinas city,Monterey County,4.416666666666667,4.14418175569586,1,14,805
90815,"Los Alamitos city, Long Beach city","Orange County, Los Angeles County",4.407407407407407,5.6518156324335225,1,24,806
95627,"Esparto CDP, Madison CDP",Yolo County,4.4,5.932958789676531,1,24,807
90650,"Norwalk city, Downey city, Santa Fe Springs city",Los Angeles County,4.357142857142857,3.199702367110923,1,12,808
94111,San Francisco city,San Francisco County,4.35,3.9239480655396846,1,16,809
95032,"San Jose city, Los Gatos town, Campbell city",Santa Clara County,4.315789473684211,5.518178358630756,1,25,810
95033,"Lompico CDP, Lexington Hills CDP, Palo Alto city","Santa Cruz County, Santa Clara County",4.304347826086956,3.4170000480045712,1,14,811
95540,"Hydesville CDP, Fortuna city, Rio Dell city",Humboldt County,4.3,3.2335051500740732,1,12,812
95336,"Manteca city, Stockton city",San Joaquin County,4.285714285714286,3.7991923396772687,1,17,813
95511,Alderpoint CDP,Humboldt County,4.25,5.329905696805724,1,18,814
94505,Discovery Bay CDP,Contra Costa County,4.25,4.17289389731645,1,15,814
94074,San gregorio,San Mateo,4.238095238095238,5.881366864129137,1,27,816
95519,"Westhaven-Moonstone CDP, Arcata city, Fieldbrook CDP, McKinleyville CDP",Humboldt County,4.230769230769231,3.9930709215609217,1,18,817
94028,"Portola Valley town, Menlo Park city, Ladera CDP",San Mateo County,4.217391304347826,5.384797807794648,1,24,818
93204,Avenal city,Kings County,4.2105263157894735,4.103913408340617,1,14,819
93445,"Grover Beach city, Oceano CDP",San Luis Obispo County,4.1875,4.150803135137424,1,18,820
95690,Walnut Grove CDP,Sacramento County,4.173913043478261,4.302770501908609,1,20,821
95472,"Graton CDP, Sebastopol city, Santa Rosa city, Occidental CDP",Sonoma County,4.090909090909091,6.323870807610003,1,31,822
95409,Santa Rosa city,Sonoma County,4.055555555555555,3.4036696843644267,1,14,823
93442,Morro Bay city,San Luis Obispo County,4.0,4.898979485566356,1,18,824
95465,"Bodega CDP, Jenner CDP, Occidental CDP",Sonoma County,4.0,4.69041575982343,1,15,824
91913,Chula Vista city,San Diego County,3.9583333333333335,3.4196257952749947,1,12,826
93239,"Avenal city, Kettleman City CDP",Kings County,3.9545454545454546,4.519558266734364,1,17,827
94040,"Mountain View city, Los Altos city, Palo Alto city",Santa Clara County,3.9411764705882355,2.9468327963106025,1,13,828
94509,"Pittsburg city, Antioch city",Contra Costa County,3.9375,5.208566661440234,1,22,829
95138,San Jose city,Santa Clara County,3.9375,4.170831252080733,1,16,829
95468,Point Arena city,Mendocino County,3.909090909090909,3.421348813790799,1,13,831
95459,Manchester CDP,Mendocino County,3.9047619047619047,4.380693574135971,1,20,832
90230,"Los Angeles city, Culver City city, Ladera Heights CDP",Los Angeles County,3.88,3.059411708155671,1,14,833
94530,"El Cerrito city, Richmond city, Kensington CDP",Contra Costa County,3.8636363636363638,4.279468753695114,1,18,834
95446,Guerneville CDP,Sonoma County,3.857142857142857,3.9910614413425693,1,14,835
94578,"San Leandro city, Ashland CDP, Castro Valley CDP",Alameda County,3.8421052631578947,3.0779350562554626,1,11,836
93955,"Seaside city, Monterey city, Marina city, Sand City city",Monterey County,3.8421052631578947,5.198965259172432,1,24,836
94506,"Blackhawk CDP, San Ramon city, Danville town, Camino Tassajara CDP, Diablo CDP",Contra Costa County,3.764705882352941,3.363952507183809,1,13,838
95046,"Morgan Hill city, San Martin CDP",Santa Clara County,3.764705882352941,4.220921282207029,1,13,838
94940,Marshall,Marin,3.7,3.096687534158157,1,11,840
95330,"Manteca city, Lathrop city",San Joaquin County,3.7,3.0754870654345416,1,12,840
94602,Oakland city,Alameda County,3.6666666666666665,3.9556363361069242,1,17,842
95417,Branscomb,Mendocino,3.6666666666666665,3.497618237219913,1,16,842
94560,Newark city,Alameda County,3.65,3.9506828190633203,1,16,844
94526,"Alamo CDP, Danville town",Contra Costa County,3.6315789473684212,3.7299169832255497,1,13,845
95653,"Esparto CDP, Madison CDP",Yolo County,3.611111111111111,4.132210473668156,1,16,846
91302,"Calabasas city, Hidden Hills city, Topanga CDP",Los Angeles County,3.6,3.1689280937184257,1,11,847
90049,Los Angeles city,Los Angeles County,3.5652173913043477,3.882666456731669,1,16,848
95426,Cobb CDP,Lake County,3.5294117647058822,3.572772856249462,1,16,849
95587,Piercy,Mendocino,3.4761904761904763,3.8290866746398886,1,18,850
94533,"Suisun City city, Vacaville city, Fairfield city",Solano County,3.45,2.818640956579121,1,11,851
94563,"Orinda city, Lafayette city, Moraga town",Contra Costa County,3.4285714285714284,4.63218553785822,1,22,852
95003,"Rio del Mar CDP, Aptos CDP, Seacliff CDP, Day Valley CDP, Soquel CDP, Corralitos CDP, Capitola city, Aptos Hills-Larkin Valley CDP",Santa Cruz County,3.388888888888889,2.8104613163069003,1,10,853
95060,"Scotts Valley city, Paradise Park CDP, Ben Lomond CDP, Santa Cruz city, Pasatiempo CDP, Felton CDP, Bonny Doon CDP",Santa Cruz County,3.3846153846153846,3.228479041758971,1,13,854
93928,Jolon,Monterey,3.3846153846153846,3.1764356737928114,1,11,854
94591,"Benicia city, Fairfield city, Vallejo city",Solano County,3.3333333333333335,2.930569107548506,1,13,856
94565,"Bay Point CDP, Pittsburg city, Antioch city",Contra Costa County,3.3157894736842106,4.346807661043362,1,19,857
93041,"Port Hueneme city, Oxnard city",Ventura County,3.3,4.612340426565056,1,21,858
94946,Nicasio CDP,Marin County,3.2941176470588234,2.4177651323679306,1,10,859
94598,"North Gate CDP, Walnut Creek city, Contra Costa Centre CDP, Concord city, Shell Ridge CDP",Contra Costa County,3.2941176470588234,3.5313720046596786,1,13,859
94089,"San Jose city, Sunnyvale city",Santa Clara County,3.263157894736842,4.616902584383193,1,21,861
95066,"Scotts Valley city, Mount Hermon CDP",Santa Cruz County,3.25,3.022140521771503,1,10,862
95121,San Jose city,Santa Clara County,3.227272727272727,3.069540343777537,1,12,863
94924,"Bolinas CDP, Stinson Beach CDP",Marin County,3.2222222222222223,2.7558612522821364,1,10,864
94587,"Union City city, Hayward city",Alameda County,3.2083333333333335,3.021361148291577,1,14,865
90704,Avalon city,Los Angeles County,3.1666666666666665,3.2584731177076676,1,13,866
94549,"Reliez Valley CDP, Walnut Creek city, Orinda city, Lafayette city, Martinez city, Moraga town, Pleasant Hill city, Acalanes Ridge CDP",Contra Costa County,3.142857142857143,2.414243448488869,1,10,867
94945,"Novato city, Black Point-Green Point CDP",Marin County,3.1176470588235294,3.018326376925971,1,13,868
95570,"Westhaven-Moonstone CDP, Trinidad city, Big Lagoon CDP, McKinleyville CDP",Humboldt County,3.076923076923077,1.9984609462899579,1,8,869
93640,Mendota city,Fresno County,3.0555555555555554,2.732639797235982,1,11,870
95415,"Philo CDP, Boonville CDP",Mendocino County,3.0416666666666665,3.368384552386147,1,15,871
95569,"Redcrest CDP, Weott CDP",Humboldt County,3.0,4.2840332837725,1,19,872
94920,"Belvedere city, Tiburon town, Strawberry CDP",Marin County,2.9523809523809526,2.132514723892674,1,9,873
94923,"Carmet CDP, Sereno del Mar CDP, Bodega Bay CDP, Salmon Creek CDP",Sonoma County,2.9444444444444446,3.2079354222307237,1,14,874
93933,Marina city,Monterey County,2.9411764705882355,3.7827005603684474,1,16,875
95521,"Manila CDP, Samoa CDP, Arcata city, Eureka city, Blue Lake city",Humboldt County,2.9375,2.6700499371110396,1,10,876
94937,Inverness CDP,Marin County,2.9375,1.8062391868188445,1,6,876
94941,"Larkspur city, Mill Valley city, Alto CDP, Tamalpais-Homestead Valley CDP, Strawberry CDP",Marin County,2.869565217391304,2.849311684442194,1,12,878
94564,"Bayview CDP, Richmond city, Pinole city",Contra Costa County,2.8421052631578947,3.2534282413536375,1,15,879
94930,"Sleepy Hollow CDP, Fairfax town, Ross town",Marin County,2.7777777777777777,2.712835624246889,1,9,880
95065,"Scotts Valley city, Live Oak CDP, Santa Cruz city",Santa Cruz County,2.761904761904762,4.07314082625143,1,19,881
94903,"San Rafael city, Sleepy Hollow CDP, Santa Venetia CDP, Lucas Valley-Marinwood CDP",Marin County,2.6315789473684212,2.338340492167456,1,9,882
95005,"Lompico CDP, Ben Lomond CDP, Brookdale CDP",Santa Cruz County,2.5789473684210527,2.479152845310139,1,10,883
94951,"Penngrove CDP, Petaluma city",Sonoma County,2.5714285714285716,2.248809208701987,1,10,884
94938,Lagunitas-Forest Knolls CDP,Marin County,2.4210526315789473,1.952656010944074,1,9,885
95463,Navarro,Mendocino,2.411764705882353,2.152290161938318,1,9,886
95562,Rio Dell city,Humboldt County,2.4,2.32379000772445,1,9,887
94947,Novato city,Marin County,2.35,1.663066286617647,1,7,888
95014,"San Jose city, Cupertino city, Los Altos city, Sunnyvale city, Palo Alto city",Santa Clara County,2.2777777777777777,2.052417672076908,1,9,889
95564,Samoa CDP,Humboldt County,2.235294117647059,1.4802622979013669,1,7,890
95125,"San Jose city, Campbell city",Santa Clara County,2.1176470588235294,1.45268514057488,1,6,891
95129,"San Jose city, Saratoga city",Santa Clara County,2.1052631578947367,1.7605156076213475,1,6,892
95120,San Jose city,Santa Clara County,2.05,1.145931016569864,1,4,893
93954,San Lucas CDP,Monterey County,1.6,0.6992058987801011,1,3,894
